FILEHASH,DELIMITER,QUOTECHAR,ESCAPECHAR,ENCODING
1,\t,"""",n/a,ascii
2,",",n/a,n/a,﻿ascii
3,",",n/a,n/a,﻿ascii
4,",",n/a,n/a,﻿ascii
5,",","""",n/a,﻿ascii
6,",",n/a,n/a,﻿ascii
7,",",n/a,n/a,﻿ascii
8,",",n/a,n/a,﻿ascii
9,",",n/a,n/a,﻿ascii
10,",","""",n/a,﻿ascii
11,",","""",n/a,﻿ascii
12,",",n/a,n/a,﻿utf-8
13,",",n/a,n/a,ascii
14,",",n/a,n/a,ascii
15,",",n/a,n/a,ascii
16,",",n/a,n/a,ascii
17,",",n/a,n/a,utf-8
18,",",n/a,n/a,ascii
19,",","""",n/a,ascii
20,",",n/a,n/a,﻿utf-8
21,",","""",n/a,ascii
22,",",n/a,n/a,ascii
23,",",n/a,n/a,ascii
24,",",n/a,n/a,ascii
25,",",n/a,n/a,ascii
26,",",n/a,n/a,ascii
27,",",n/a,n/a,﻿utf-8
28,",",n/a,n/a,ascii
29,",","""",n/a,utf-8
30,",",n/a,n/a,ascii
31,space,n/a,n/a,ascii
32,",",n/a,n/a,ascii
33,",",n/a,n/a,utf-8
34,",",n/a,n/a,ascii
35,",",n/a,n/a,ascii
36,",","""",n/a,utf-8
37,",",n/a,n/a,ascii
38,",",n/a,n/a,ascii
39,space,n/a,n/a,ascii
40,",",n/a,n/a,ascii
41,",",n/a,n/a,ascii
42,",",n/a,n/a,ascii
43,",",n/a,n/a,ascii
44,|,n/a,n/a,ascii
45,",",n/a,n/a,ascii
46,",","""",n/a,utf-8
47,",",n/a,n/a,ascii
48,",",n/a,n/a,ascii
49,",",n/a,n/a,utf-8
50,",",n/a,n/a,ascii
51,",",n/a,n/a,ascii
52,",",n/a,n/a,ascii
53,",",n/a,n/a,ascii
54,",","""",n/a,ascii
55,",",n/a,n/a,ascii
56,",",n/a,n/a,ascii
57,",",n/a,n/a,ascii
58,",",n/a,n/a,ascii
59,",",n/a,n/a,ascii
60,",",n/a,n/a,ascii
61,",",n/a,n/a,ascii
62,",",n/a,n/a,ascii
63,",","""",n/a,ascii
64,",",n/a,n/a,﻿ISO-8859-1
65,",",n/a,n/a,ascii
66,",",n/a,n/a,ascii
67,",","""",n/a,ascii
68,",",n/a,n/a,ascii
69,",",n/a,n/a,ascii
70,",","""",n/a,ascii
71,;,"""",n/a,utf-8
72,\t,n/a,n/a,ascii
73,",","""",n/a,utf-8
74,",",n/a,n/a,ascii
75,",",n/a,n/a,ascii
76,",",n/a,n/a,ascii
77,",","""",n/a,ascii
78,",",n/a,n/a,ascii
79,",",n/a,n/a,ascii
80,",",n/a,n/a,ascii
81,",","""",n/a,﻿ISO-8859-1
82,\t,n/a,n/a,ascii
83,\t,n/a,n/a,﻿ISO-8859-1
84,",",n/a,n/a,ascii
85,\t,n/a,n/a,ascii
86,",","""",n/a,﻿ISO-8859-1
87,",","""",n/a,utf-8
88,",","""",n/a,﻿ISO-8859-1
89,",","""",n/a,﻿ISO-8859-1
90,",","""",n/a,﻿ISO-8859-1
91,",","""",n/a,﻿ISO-8859-1
92,",","""",n/a,ascii
93,",","""",n/a,ISO-8859-1
94,",","""",n/a,ascii
95,",","""",n/a,﻿ISO-8859-1
96,",","""",n/a,ascii
97,",","""",n/a,﻿Windows-1252
98,",",n/a,n/a,ascii
99,",",n/a,n/a,ISO-8859-1
100,",","""",n/a,ascii
101,",","""",n/a,ascii
102,",","""",n/a,ISO-8859-1
103,",","""",n/a,utf-8
104,",","""",n/a,ascii
105,",","""",n/a,ascii
106,",",n/a,n/a,ascii
107,",","""",n/a,ISO-8859-1
108,",","""",n/a,ISO-8859-1
109,",","""",n/a,ISO-8859-1
110,",",n/a,n/a,ascii
111,",",n/a,n/a,ISO-8859-1
112,",",n/a,n/a,ascii
113,",","""",n/a,Windows-1252
114,",","""",n/a,ascii
115,",",n/a,n/a,ascii
116,",",n/a,n/a,ascii
117,",","""",n/a,ascii
118,",","""",n/a,ISO-8859-1
119,",","""",n/a,﻿SHIFT_JIS
120,",","""",n/a,Windows-1252
121,",","""",n/a,ascii
122,",","""",n/a,ISO-8859-1
123,",",n/a,n/a,ascii
124,",","""",n/a,ascii
125,",","""",n/a,ascii
126,",",n/a,n/a,ascii
127,",","""",n/a,utf-8
128,",","""",n/a,ascii
129,",","""",n/a,ascii
130,",","""",n/a,utf-8
131,",","""",n/a,ascii
132,",","""",n/a,ascii
133,",",n/a,n/a,ascii
134,",","""",n/a,ascii
135,",",n/a,n/a,ascii
136,",",n/a,n/a,ascii
137,",","""",n/a,Windows-1252
138,\t,"""",n/a,UTF-16
139,",","""",n/a,Windows-1252
140,",","""",n/a,Windows-1252
141,",","""",n/a,ISO-8859-1
142,",","""",n/a,utf-8
143,",","""",n/a,Windows-1252
144,",","""",n/a,Windows-1252
145,",","""",n/a,ascii
146,",","""",n/a,utf-8
147,",","""",n/a,ISO-8859-1
148,",","""",n/a,ascii
149,",","""",n/a,utf-8
150,",","""",n/a,Windows-1252
151,",","""",n/a,ISO-8859-1
152,",","""",n/a,ascii
153,",","""",n/a,ascii
154,",","""",n/a,ISO-8859-1
155,",","""",n/a,ascii
156,",","""",n/a,ascii
157,",","""",n/a,ascii
158,",","""",n/a,ascii
159,",","""",n/a,ascii
160,",","""",n/a,ascii
161,",","""",n/a,ISO-8859-1
162,",","""",n/a,ascii
163,",","""",n/a,ISO-8859-1
164,",","""",n/a,ascii
165,",","""",n/a,ascii
166,",","""",n/a,ISO-8859-1
167,",","""",n/a,ascii
168,",",n/a,n/a,ISO-8859-1
169,",","""",n/a,utf-8
170,",","""",n/a,ISO-8859-1
171,",","""",n/a,ascii
172,",","""",n/a,ascii
173,",","""",n/a,ascii
174,",","""",n/a,ascii
175,",","""",n/a,ascii
176,",",n/a,n/a,ascii
177,",","""",n/a,ISO-8859-1
178,",","""",n/a,ascii
179,",","""",n/a,ascii
180,",","""",n/a,ascii
181,",","""",n/a,Windows-1252
182,",","""",n/a,utf-8
183,",",n/a,n/a,ascii
184,",",n/a,n/a,ascii
185,",",n/a,n/a,ascii
186,",","""",n/a,ascii
187,",","""",n/a,Windows-1252
188,",","""",n/a,ascii
189,",","""",n/a,Windows-1252
190,",","""",n/a,Windows-1252
191,",","""",n/a,ascii
192,",","""",n/a,utf-8
193,",","""",n/a,ascii
194,",","""",n/a,ISO-8859-1
195,",","""",n/a,ISO-8859-1
196,",","""",n/a,ascii
197,",","""",n/a,ISO-8859-1
198,",",n/a,n/a,ascii
199,",",n/a,n/a,ascii
200,",","""",n/a,ascii
201,",","""",n/a,ascii
202,",","""",n/a,utf-8
203,",",n/a,n/a,ascii
204,",","""",n/a,ascii
205,",",n/a,n/a,ascii
206,",","""",n/a,utf-8
207,",",n/a,n/a,ascii
208,",","""",n/a,utf-8
209,",","""",n/a,ascii
210,",",n/a,n/a,ascii
211,",","""",n/a,ascii
212,",","""",n/a,ascii
213,",",n/a,n/a,ascii
214,",","""",n/a,utf-8
215,",","""",n/a,ascii
216,",","""",n/a,ascii
217,",",n/a,n/a,ascii
218,",","""",n/a,ISO-8859-1
219,",","""",n/a,utf-8
220,",","""",n/a,ISO-8859-1
221,",",n/a,n/a,ascii
222,",","""",n/a,ISO-8859-1
223,",","""",n/a,utf-8
224,",","""",n/a,ascii
225,",","""",n/a,ascii
226,",","""",n/a,utf-8
227,",",n/a,n/a,ascii
228,",","""",n/a,Windows-1252
229,",","""",n/a,ISO-8859-1
230,",","""",n/a,ascii
231,",",n/a,n/a,ascii
232,",","""",n/a,utf-8
233,>,single,n/a,Windows-1252
234,",","""",n/a,ascii
235,",","""",n/a,ascii
236,",",n/a,n/a,ascii
237,",","""",n/a,ascii
238,",","""",n/a,ascii
239,",","""",n/a,ascii
240,",","""",n/a,ascii
241,",","""",n/a,utf-8
242,",","""",n/a,utf-8
243,",","""",n/a,utf-8
244,",","""",n/a,Windows-1252
245,",","""",n/a,utf-8
246,",","""",n/a,utf-8
247,",","""",n/a,ISO-8859-1
248,",","""",n/a,ISO-8859-1
249,",","""",n/a,ISO-8859-1
250,",","""",n/a,ascii
251,",","""",n/a,utf-8
252,",","""",n/a,ascii
253,",","""",n/a,ISO-8859-1
254,",","""",n/a,ISO-8859-1
255,",","""",n/a,ascii
256,",","""",n/a,ascii
257,",","""",n/a,ascii
258,",","""",n/a,utf-8
259,",","""",n/a,ascii
260,",","""",n/a,ISO-8859-1
261,",","""",n/a,utf-8
262,",","""",n/a,ISO-8859-1
263,",","""",n/a,ISO-8859-1
264,",",n/a,n/a,ascii
265,",",n/a,n/a,ascii
266,",",n/a,n/a,ISO-8859-1
267,",",n/a,n/a,utf-8
268,",",n/a,n/a,ascii
269,",",n/a,n/a,utf-8
270,",","""",n/a,ascii
271,",","""",n/a,ascii
272,",","""",n/a,utf-8
273,",","""",n/a,ascii
274,",","""",n/a,ascii
275,",","""",n/a,ascii
276,",","""",n/a,Windows-1252
277,",","""",n/a,ISO-8859-1
278,",","""",n/a,utf-8
279,",","""",n/a,ascii
280,",","""",n/a,utf-8
281,",","""",n/a,ISO-8859-1
282,",","""",n/a,ascii
283,",","""",n/a,ISO-8859-1
284,",","""",n/a,utf-8
285,",","""",n/a,Windows-1252
286,",","""",n/a,ascii
287,",","""",n/a,ISO-8859-1
288,",","""",n/a,Windows-1252
289,",","""",n/a,ascii
290,",","""",n/a,ascii
291,",","""",n/a,ISO-8859-1
292,",","""",n/a,ISO-8859-1
293,",","""",n/a,ISO-8859-1
294,",","""",n/a,ISO-8859-1
295,",","""",n/a,ascii
296,",","""",n/a,ascii
297,",",n/a,n/a,ascii
298,",",n/a,n/a,utf-8
299,",",n/a,n/a,ascii
300,",",n/a,n/a,utf-8
301,",","""",n/a,Windows-1252
302,",","""",n/a,ISO-8859-1
303,",",n/a,n/a,ascii
304,",","""",n/a,ascii
305,",",n/a,n/a,utf-8
306,",","""",n/a,ascii
307,",","""",n/a,Windows-1252
308,",","""",n/a,ascii
309,",","""",n/a,ISO-8859-1
310,",","""",n/a,ISO-8859-1
311,",",n/a,n/a,ISO-8859-1
312,",","""",n/a,ascii
313,",",n/a,n/a,utf-8
314,",","""",n/a,ascii
315,",","""",n/a,utf-8
316,",","""",n/a,ascii
317,",","""",n/a,Windows-1252
318,n/a,n/a,n/a,ascii
319,\t,n/a,n/a,ascii
320,",",n/a,n/a,ascii
321,",","""",n/a,utf-8
322,;,n/a,n/a,ISO-8859-1
323,",",n/a,n/a,ascii
324,",",n/a,n/a,ascii
325,",","""",n/a,ascii
326,",","""",n/a,utf-8
327,",",n/a,n/a,ascii
328,",",n/a,n/a,ascii
329,",","""",n/a,utf-8
330,",",n/a,n/a,ascii
331,;,n/a,n/a,ascii
332,",","""",n/a,utf-8
333,",",n/a,n/a,ascii
334,",","""",n/a,ascii
335,",",n/a,n/a,ascii
336,",",n/a,n/a,ascii
337,",","""",n/a,ascii
338,",","""",n/a,ascii
339,",","""",n/a,ascii
340,",",n/a,n/a,ascii
341,",",n/a,n/a,ascii
342,",",n/a,n/a,﻿GB2312
343,",",n/a,n/a,ascii
344,",",n/a,n/a,ascii
345,;,n/a,n/a,ascii
346,",",n/a,n/a,ascii
347,",",n/a,n/a,ascii
348,",","""",n/a,ascii
349,",",n/a,n/a,ISO-8859-1
350,",",n/a,n/a,ascii
351,|,n/a,n/a,ascii
352,",","""",n/a,ascii
353,",",n/a,n/a,ascii
354,",",n/a,n/a,ascii
355,",",n/a,n/a,ascii
356,",",n/a,n/a,ascii
357,",",n/a,n/a,utf-8
358,",",n/a,n/a,ascii
359,",",n/a,n/a,ascii
360,n/a,n/a,n/a,ascii
361,",",n/a,n/a,ascii
362,",",n/a,n/a,ascii
363,",",n/a,n/a,ascii
364,",","""",n/a,utf-8
365,\t,n/a,n/a,ISO-8859-1
366,",",n/a,n/a,ascii
367,",",n/a,n/a,ascii
368,$,n/a,n/a,UTF-16
369,",",n/a,n/a,ascii
370,",","""",n/a,ascii
371,",","""",n/a,ascii
372,",",n/a,n/a,ascii
373,",",n/a,n/a,ascii
374,",",n/a,n/a,ascii
375,",",n/a,n/a,ascii
376,",",n/a,n/a,utf-8
377,",",n/a,n/a,ascii
378,",",n/a,n/a,ascii
379,",",n/a,n/a,ascii
380,|,n/a,n/a,ascii
381,",",n/a,n/a,ascii
382,;,"""",n/a,ISO-8859-1
383,",",n/a,n/a,ascii
384,",","""",n/a,ascii
385,",","""",n/a,utf-8
386,",",n/a,n/a,ascii
387,",",n/a,n/a,ascii
388,",",n/a,n/a,ascii
389,",","""",n/a,ascii
390,",",n/a,n/a,ascii
391,;,"""",n/a,Windows-1252
392,",",n/a,n/a,ascii
393,",",n/a,n/a,ascii
394,",","""",n/a,ascii
395,",","""",n/a,ascii
396,",","""",n/a,ascii
397,",","""",n/a,ascii
398,",",n/a,n/a,ascii
399,space,n/a,n/a,ascii
400,",",n/a,n/a,ascii
401,",",n/a,n/a,ascii
402,",",n/a,n/a,ascii
403,",",n/a,n/a,utf-8
404,",",n/a,n/a,ascii
405,",",n/a,n/a,ascii
406,",",n/a,n/a,ascii
407,",",n/a,n/a,ascii
408,",",n/a,n/a,Windows-1252
409,",","""",n/a,ascii
410,",","""",n/a,ascii
411,",","""",n/a,ascii
412,",","""",n/a,ISO-8859-1
413,",","""",n/a,utf-8
414,",","""",n/a,ascii
415,",","""",n/a,utf-8
416,",","""",n/a,ascii
417,",","""",n/a,utf-8
418,",","""",n/a,utf-8
419,",","""",n/a,ISO-8859-1
420,",","""",n/a,utf-8
421,",","""",n/a,utf-8
422,",","""",n/a,ascii
423,",","""",n/a,utf-8
424,",","""",n/a,ISO-8859-1
425,",","""",n/a,utf-8
426,",","""",n/a,ISO-8859-1
427,",","""",n/a,utf-8
428,",","""",n/a,ISO-8859-1
429,",","""",n/a,ascii
430,",","""",n/a,utf-8
431,",","""",n/a,ascii
432,",","""",n/a,Windows-1252
433,",","""",n/a,ascii
434,",","""",n/a,ascii
435,",","""",n/a,ascii
436,",","""",n/a,ascii
437,",","""",n/a,ISO-8859-1
438,",","""",n/a,Windows-1252
439,",","""",n/a,ascii
440,",","""",n/a,Windows-1252
441,",","""",n/a,ISO-8859-1
442,",",n/a,n/a,ascii
443,",",n/a,n/a,ascii
444,",",n/a,n/a,ascii
445,",",n/a,n/a,ISO-8859-1
446,",",n/a,n/a,ascii
447,",",n/a,n/a,ascii
448,",",n/a,n/a,ascii
449,、,"""",n/a,﻿EUC-JP
450,",",n/a,n/a,ascii
451,",",n/a,n/a,ascii
452,\t,n/a,n/a,ISO-8859-1
453,",",n/a,n/a,ascii
454,",",n/a,n/a,ascii
455,",",n/a,n/a,ascii
456,space,n/a,n/a,Windows-1252
457,:,n/a,n/a,utf-8
458,",","""",n/a,ascii
459,",",n/a,n/a,ascii
460,",",n/a,n/a,ascii
461,",",n/a,n/a,ascii
462,;,"""",n/a,ISO-8859-1
463,",","""",n/a,ascii
464,",","""",n/a,ascii
465,",","""",n/a,Windows-1252
466,\t,n/a,n/a,ISO-8859-1
467,",",n/a,n/a,ascii
468,",",n/a,n/a,ascii
469,",",n/a,n/a,ascii
470,",",n/a,n/a,ascii
471,",","""",n/a,utf-8
472,",",n/a,n/a,ascii
473,",","""",n/a,ascii
474,\t,n/a,n/a,ISO-8859-1
475,",",n/a,n/a,utf-8
476,;,n/a,n/a,ascii
477,",",n/a,n/a,ascii
478,",",n/a,n/a,ascii
479,\t,n/a,n/a,ISO-8859-1
480,",",n/a,n/a,ascii
481,",","""",n/a,ascii
482,",",n/a,n/a,ascii
483,",",n/a,n/a,ascii
484,",",n/a,n/a,ascii
485,",",n/a,n/a,ascii
486,",",n/a,n/a,ascii
487,",",n/a,n/a,ascii
488,",",n/a,n/a,ascii
489,",",n/a,n/a,ascii
490,",",n/a,n/a,ascii
491,",",n/a,n/a,ascii
492,",",n/a,n/a,ascii
493,",",n/a,n/a,ascii
494,",",n/a,n/a,ascii
495,",",n/a,n/a,ascii
496,",",n/a,n/a,ascii
497,",",n/a,n/a,ascii
498,",",n/a,n/a,ascii
499,",",n/a,n/a,ascii
500,",",n/a,n/a,ascii
501,n/a,n/a,n/a,ascii
502,n/a,n/a,n/a,ascii
503,;,n/a,n/a,ISO-8859-1
504,",","""",n/a,ascii
505,;,n/a,n/a,ascii
506,;,"""",n/a,ascii
507,|,n/a,n/a,ascii
508,",","""",n/a,utf-8
509,",","""",n/a,ascii
510,",","""",n/a,utf-8
511,",",n/a,n/a,ascii
512,",",n/a,n/a,ascii
513,",",n/a,n/a,ascii
514,",",n/a,n/a,ascii
515,",",n/a,n/a,ascii
516,",",n/a,n/a,ascii
517,",",n/a,n/a,ascii
518,",",n/a,n/a,ascii
519,",",n/a,n/a,ascii
520,",",n/a,n/a,ascii
521,",",n/a,n/a,ascii
522,",",n/a,n/a,ascii
523,",",n/a,n/a,ascii
524,",",n/a,n/a,utf-8
525,",",n/a,n/a,ascii
526,",",n/a,n/a,ascii
527,",",n/a,n/a,ascii
528,",",n/a,n/a,ascii
529,",",n/a,n/a,ascii
530,",",n/a,n/a,ascii
531,",",n/a,n/a,ascii
532,",",n/a,n/a,ascii
533,",",n/a,n/a,ascii
534,",",n/a,n/a,ascii
535,",",n/a,n/a,ascii
536,",",n/a,n/a,ascii
537,",",n/a,n/a,ascii
538,",",n/a,n/a,ISO-8859-1
539,",","""",n/a,ascii
540,",","""",n/a,ISO-8859-1
541,",","""",n/a,utf-8
542,",","""",n/a,ascii
543,",","""",n/a,ascii
544,",","""",n/a,ascii
545,\t,n/a,n/a,ascii
546,",","""",n/a,ascii
547,",","""",n/a,ascii
548,",","""",n/a,ascii
549,",","""",n/a,ascii
550,",","""",n/a,utf-8
551,",","""",n/a,ascii
552,",","""",n/a,ascii
553,",","""",n/a,ascii
554,;,"""",n/a,ISO-8859-1
555,;,"""",n/a,ascii
556,n/a,n/a,n/a,ascii
557,",",n/a,n/a,ascii
558,",",n/a,n/a,ascii
559,",",n/a,n/a,ascii
560,",",n/a,n/a,ascii
561,",",n/a,n/a,utf-8
562,",",n/a,n/a,ascii
563,",",n/a,n/a,ascii
564,",",n/a,n/a,ascii
565,",",n/a,n/a,ascii
566,",",n/a,n/a,ascii
567,",",n/a,n/a,ascii
568,",",n/a,n/a,ascii
569,",",n/a,n/a,ascii
570,",",n/a,n/a,ascii
571,",",n/a,n/a,ascii
572,",",n/a,n/a,ascii
573,",",n/a,n/a,ascii
574,",",n/a,n/a,ascii
575,",",n/a,n/a,ascii
576,",",n/a,n/a,ascii
577,",",n/a,n/a,ascii
578,",",n/a,n/a,utf-8
579,",",n/a,n/a,ascii
580,",",n/a,n/a,ascii
581,",",n/a,n/a,ascii
582,;,"""",n/a,utf-8
583,;,n/a,n/a,ISO-8859-1
584,",","""",n/a,ascii
585,",","""",n/a,ascii
586,",","""",n/a,utf-8
587,",","""",n/a,ascii
588,",","""",n/a,ascii
589,",","""",n/a,ascii
590,",",n/a,n/a,ascii
591,",",n/a,n/a,ascii
592,",",n/a,n/a,ascii
593,",",n/a,n/a,ascii
594,",",n/a,n/a,ascii
595,",",n/a,n/a,ascii
596,",",n/a,n/a,ascii
597,",",n/a,n/a,ascii
598,",",n/a,n/a,ascii
599,",",n/a,n/a,ascii
600,",",n/a,n/a,ascii
601,",",n/a,n/a,utf-8
602,",",n/a,n/a,ascii
603,",",n/a,n/a,ascii
604,",",n/a,n/a,ascii
605,",",n/a,n/a,ascii
606,",",n/a,n/a,ascii
607,",",n/a,n/a,ascii
608,",",n/a,n/a,ascii
609,",","""",n/a,ascii
610,",","""",n/a,ascii
611,",","""",n/a,ascii
612,",","""",n/a,ascii
613,",","""",n/a,ascii
614,",","""",n/a,ascii
615,",","""",n/a,utf-8
616,",","""",n/a,ascii
617,;,n/a,n/a,ISO-8859-1
618,\t,n/a,n/a,ascii
619,",",n/a,n/a,ascii
620,",",n/a,n/a,ascii
621,",",n/a,n/a,ascii
622,",",n/a,n/a,ascii
623,",",n/a,n/a,ascii
624,",",n/a,n/a,ascii
625,",",n/a,n/a,ascii
626,",",n/a,n/a,ascii
627,",",n/a,n/a,ascii
628,",",n/a,n/a,ascii
629,",",n/a,n/a,ascii
630,",",n/a,n/a,ascii
631,",",n/a,n/a,ascii
632,",",n/a,n/a,ascii
633,",",n/a,n/a,ascii
634,",",n/a,n/a,ascii
635,",",n/a,n/a,ascii
636,",",n/a,n/a,ascii
637,",",n/a,n/a,ascii
638,",",n/a,n/a,ascii
639,",",n/a,n/a,ascii
640,",",n/a,n/a,ascii
641,",",n/a,n/a,ascii
642,",",n/a,n/a,ascii
643,",",n/a,n/a,ascii
644,",",n/a,n/a,ascii
645,",",n/a,n/a,utf-8
646,",",n/a,n/a,ascii
647,",",n/a,n/a,utf-8
648,",","""",n/a,ascii
649,",","""",n/a,ascii
650,",","""",n/a,Windows-1252
651,",","""",n/a,ascii
652,",","""",n/a,utf-8
653,",","""",n/a,ascii
654,",","""",n/a,ascii
655,",","""",n/a,ascii
656,n/a,n/a,n/a,ascii
657,;,n/a,n/a,ISO-8859-1
658,;,n/a,n/a,ISO-8859-1
659,;,n/a,n/a,ISO-8859-1
660,;,n/a,n/a,ISO-8859-1
661,",","""",n/a,utf-8
662,;,n/a,n/a,ascii
663,space,single,n/a,ISO-8859-1
664,:,n/a,n/a,ascii
665,;,n/a,n/a,ascii
666,;,n/a,n/a,ascii
667,;,n/a,n/a,ISO-8859-1
668,",",n/a,n/a,ascii
669,",",n/a,n/a,ascii
670,",",n/a,n/a,ascii
671,",",n/a,n/a,ascii
672,",",n/a,n/a,ascii
673,",",n/a,n/a,ascii
674,",",n/a,n/a,ascii
675,",",n/a,n/a,ascii
676,",",n/a,n/a,ascii
677,",",n/a,n/a,ascii
678,",",n/a,n/a,ascii
679,",",n/a,n/a,ascii
680,",",n/a,n/a,ascii
681,",",n/a,n/a,ascii
682,",",n/a,n/a,ascii
683,",",n/a,n/a,ascii
684,",",n/a,n/a,ascii
685,",",n/a,n/a,ascii
686,",",n/a,n/a,ascii
687,",",n/a,n/a,ascii
688,",",n/a,n/a,ascii
689,",",n/a,n/a,ascii
690,",",n/a,n/a,ascii
691,",",n/a,n/a,ascii
692,",",n/a,n/a,ascii
693,",",n/a,n/a,ascii
694,",",n/a,n/a,ascii
695,",",n/a,n/a,utf-8
696,",",n/a,n/a,ascii
697,",","""",n/a,ascii
698,",","""",n/a,utf-8
699,",","""",n/a,ascii
700,",","""",n/a,ascii
701,",","""",n/a,ascii
702,",","""",n/a,ascii
703,",","""",n/a,ISO-8859-1
704,",","""",n/a,ascii
705,",","""",n/a,ascii
706,",","""",n/a,utf-8
707,;,n/a,n/a,utf-8
708,\t,n/a,n/a,ISO-8859-1
709,\t,n/a,n/a,ascii
710,\t,n/a,n/a,ISO-8859-1
711,\t,n/a,n/a,ascii
712,\t,n/a,n/a,ascii
713,\t,n/a,n/a,ISO-8859-1
714,;,n/a,n/a,ISO-8859-1
715,;,n/a,n/a,ISO-8859-1
716,",","""",doubleback,ascii
717,",",n/a,n/a,ascii
718,",",n/a,n/a,ascii
719,",",n/a,n/a,ascii
720,",",n/a,n/a,ascii
721,",",n/a,n/a,ascii
722,",",n/a,n/a,ascii
723,",",n/a,n/a,ascii
724,",",n/a,n/a,ascii
725,",",n/a,n/a,ascii
726,",",n/a,n/a,ascii
727,",",n/a,n/a,ascii
728,",",n/a,n/a,ascii
729,",",n/a,n/a,ascii
730,",",n/a,n/a,ascii
731,",",n/a,n/a,ascii
732,",",n/a,n/a,ascii
733,",",n/a,n/a,ascii
734,",",n/a,n/a,ascii
735,",",n/a,n/a,ascii
736,",",n/a,n/a,ascii
737,",",n/a,n/a,ascii
738,",",n/a,n/a,ascii
739,",",n/a,n/a,ascii
740,",",n/a,n/a,ascii
741,",",n/a,n/a,ascii
742,",",n/a,n/a,ascii
743,",",n/a,n/a,ascii
744,",",n/a,n/a,ascii
745,",",n/a,n/a,ascii
746,",",n/a,n/a,ascii
747,",",n/a,n/a,ascii
748,",",n/a,n/a,ascii
749,",","""",n/a,utf-8
750,",","""",n/a,utf-8
751,",","""",n/a,ascii
752,",","""",n/a,ascii
753,",","""",n/a,ascii
754,",","""",n/a,ascii
755,",","""",n/a,ascii
756,",","""",n/a,ascii
757,:,n/a,n/a,utf-8
758,\t,n/a,n/a,ascii
759,\t,n/a,n/a,ISO-8859-1
760,\t,n/a,n/a,ascii
761,\t,n/a,n/a,ascii
762,\t,n/a,n/a,ascii
763,\t,n/a,n/a,ascii
764,space,n/a,n/a,ascii
765,n/a,n/a,n/a,ascii
766,\t,n/a,n/a,ascii
767,\t,n/a,n/a,ISO-8859-1
768,\t,n/a,n/a,ascii
769,\t,n/a,n/a,ISO-8859-1
770,\t,n/a,n/a,ISO-8859-1
771,",","""",n/a,ascii
772,",","""",n/a,ascii
773,",","""",n/a,ascii
774,",","""",n/a,ascii
775,",","""",n/a,utf-8
776,",","""",n/a,ascii
777,",","""",n/a,ascii
778,",","""",n/a,ascii
779,",",n/a,n/a,ascii
780,",",n/a,n/a,utf-8
781,",",n/a,n/a,ascii
782,",",n/a,n/a,ascii
783,",",n/a,n/a,ascii
784,",",n/a,n/a,ascii
785,",",n/a,n/a,ascii
786,",",n/a,n/a,utf-8
787,",",n/a,n/a,ascii
788,",",n/a,n/a,ascii
789,",",n/a,n/a,ascii
790,",",n/a,n/a,ascii
791,",",n/a,n/a,ascii
792,",",n/a,n/a,ascii
793,",",n/a,n/a,ascii
794,",",n/a,n/a,ascii
795,",",n/a,n/a,utf-8
796,",",n/a,n/a,ascii
797,",",n/a,n/a,ascii
798,",",n/a,n/a,ascii
799,",",n/a,n/a,ascii
800,",",n/a,n/a,ascii
801,",",n/a,n/a,ascii
802,",",n/a,n/a,ascii
803,",",n/a,n/a,ascii
804,",",n/a,n/a,ascii
805,",",n/a,n/a,ascii
806,;,n/a,n/a,ISO-8859-1
807,n/a,n/a,n/a,ascii
808,;,n/a,n/a,ISO-8859-1
809,:,n/a,n/a,ascii
810,n/a,n/a,n/a,ascii
811,;,n/a,n/a,ISO-8859-1
812,;,"""",n/a,ascii
813,",",n/a,n/a,utf-8
814,space,n/a,n/a,ascii
815,",",n/a,n/a,ascii
816,",",n/a,n/a,ascii
817,",",n/a,n/a,ascii
818,",",n/a,n/a,ascii
819,",",n/a,n/a,ascii
820,",",n/a,n/a,ascii
821,",",n/a,n/a,ascii
822,",",n/a,n/a,ascii
823,",",n/a,n/a,ascii
824,",",n/a,n/a,ascii
825,",",n/a,n/a,ascii
826,",",n/a,n/a,ascii
827,",",n/a,n/a,ascii
828,",",n/a,n/a,ascii
829,",",n/a,n/a,ascii
830,",",n/a,n/a,ascii
831,",",n/a,n/a,ascii
832,",",n/a,n/a,ascii
833,;,"""",n/a,ascii
834,",","""",n/a,ascii
835,",","""",n/a,ascii
836,",","""",n/a,utf-8
837,",","""",n/a,ascii
838,",","""",n/a,ascii
839,",","""",n/a,ascii
840,;,n/a,n/a,ascii
841,#,n/a,n/a,utf-8
842,\t,n/a,n/a,ISO-8859-1
843,\t,n/a,n/a,ISO-8859-1
844,",",n/a,n/a,ascii
845,",",n/a,n/a,ascii
846,",",n/a,n/a,ascii
847,",",n/a,n/a,ascii
848,",",n/a,n/a,ascii
849,",",n/a,n/a,ascii
850,",",n/a,n/a,ascii
851,",","""",n/a,ascii
852,",","""",n/a,ascii
853,",",n/a,n/a,ascii
854,",",n/a,n/a,ascii
855,",",n/a,n/a,ascii
856,",",n/a,n/a,ascii
857,",",n/a,n/a,ascii
858,",",n/a,n/a,ascii
859,",",n/a,n/a,ascii
860,",",n/a,n/a,ascii
861,",",n/a,n/a,ascii
862,",",n/a,n/a,utf-8
863,",",n/a,n/a,﻿GB2312
864,",",n/a,n/a,ascii
865,",",n/a,n/a,ascii
866,",",n/a,n/a,ascii
867,",",n/a,n/a,ascii
868,",",n/a,n/a,ascii
869,",",n/a,n/a,ascii
870,",",n/a,n/a,ascii
871,",",n/a,n/a,ascii
872,",",n/a,n/a,ascii
873,",",n/a,n/a,ascii
874,",","""",n/a,ascii
875,",","""",n/a,ascii
876,",","""",n/a,utf-8
877,",","""",n/a,utf-8
878,",","""",n/a,ascii
879,",","""",n/a,ascii
880,",","""",n/a,ascii
881,",","""",n/a,ascii
882,",","""",n/a,utf-8
883,",","""",n/a,ascii
884,",","""",n/a,ascii
885,space,n/a,n/a,ascii
886,space,n/a,n/a,ascii
887,;,n/a,n/a,ascii
888,",",n/a,n/a,ascii
889,",",n/a,n/a,ascii
890,",",n/a,n/a,ascii
891,",",n/a,n/a,ascii
892,",",n/a,n/a,ascii
893,",",n/a,n/a,ascii
894,",",n/a,n/a,utf-8
895,",",n/a,n/a,utf-8
896,",",n/a,n/a,ascii
897,",",n/a,n/a,ascii
898,",",n/a,n/a,ascii
899,",","""",n/a,ascii
900,",","""",n/a,utf-8
901,",","""",n/a,utf-8
902,",","""",n/a,ascii
903,;,n/a,n/a,ISO-8859-1
904,\t,n/a,n/a,ascii
905,\t,n/a,n/a,ISO-8859-1
906,\t,n/a,n/a,ascii
907,space,n/a,n/a,utf-8
908,",",n/a,n/a,ascii
909,",",n/a,n/a,utf-8
910,",",n/a,n/a,ascii
911,",",n/a,n/a,ascii
912,",",n/a,n/a,ascii
913,",",n/a,n/a,ascii
914,",",n/a,n/a,ascii
915,",",n/a,n/a,ascii
916,",",n/a,n/a,ascii
917,",",n/a,n/a,ascii
918,",",n/a,n/a,ascii
919,",",n/a,n/a,ascii
920,",",n/a,n/a,ascii
921,",",n/a,n/a,ascii
922,",",n/a,n/a,ascii
923,",",n/a,n/a,ascii
924,",",n/a,n/a,utf-8
925,",",n/a,n/a,ascii
926,",","""",n/a,ascii
927,",","""",n/a,utf-8
928,",","""",n/a,ascii
929,",","""",n/a,ascii
930,",","""",n/a,ascii
931,",","""",n/a,utf-8
932,\t,n/a,n/a,ascii
933,;,n/a,n/a,ascii
934,n/a,n/a,n/a,ascii
935,\t,n/a,n/a,ISO-8859-1
936,;,n/a,n/a,ISO-8859-1
937,#,n/a,n/a,utf-8
938,",",n/a,n/a,ascii
939,",",n/a,n/a,ascii
940,",",n/a,n/a,utf-8
941,",",n/a,n/a,ascii
942,",",n/a,n/a,ascii
943,",",n/a,n/a,ascii
944,",",n/a,n/a,ascii
945,",",n/a,n/a,utf-8
946,",",n/a,n/a,ascii
947,",",n/a,n/a,ascii
948,",",n/a,n/a,ascii
949,",",n/a,n/a,ascii
950,",",n/a,n/a,ascii
951,",",n/a,n/a,utf-8
952,",",n/a,n/a,ascii
953,",",n/a,n/a,ascii
954,",",n/a,n/a,ascii
955,",",n/a,n/a,ascii
956,",",n/a,n/a,ascii
957,",","""",n/a,ascii
958,",","""",n/a,ascii
959,",","""",n/a,ascii
960,",","""",n/a,ascii
961,;,n/a,n/a,ascii
962,",",n/a,n/a,ascii
963,",",n/a,n/a,ascii
964,",",n/a,n/a,ascii
965,",",n/a,n/a,ascii
966,",",n/a,n/a,ascii
967,",",n/a,n/a,ascii
968,",",n/a,n/a,ascii
969,",",n/a,n/a,ascii
970,",",n/a,n/a,ascii
971,",",n/a,n/a,ascii
972,",",n/a,n/a,ascii
973,",",n/a,n/a,ascii
974,",",n/a,n/a,ascii
975,",",n/a,n/a,ascii
976,",",n/a,n/a,ascii
977,",",n/a,n/a,ascii
978,",",n/a,n/a,ascii
979,",",n/a,n/a,ascii
980,",",n/a,n/a,utf-8
981,",",n/a,n/a,ascii
982,",",n/a,n/a,ascii
983,",",n/a,n/a,ascii
984,",",n/a,n/a,ascii
985,",",n/a,n/a,ascii
986,",",n/a,n/a,ascii
987,",","""",n/a,utf-8
988,",","""",n/a,ascii
989,",","""",n/a,ascii
990,",","""",n/a,ascii
991,",","""",n/a,utf-8
992,",","""",n/a,ascii
993,",","""",n/a,ascii
994,",","""",n/a,ascii
995,",","""",n/a,ascii
996,",","""",n/a,utf-8
997,",","""",n/a,utf-8
998,",","""",n/a,utf-8
999,",","""",n/a,ascii
1000,",","""",n/a,ascii
1001,",","""",n/a,n/a
1002,;,n/a,n/a,ISO-8859-1
1003,;,n/a,n/a,ISO-8859-1
1004,;,n/a,n/a,ISO-8859-1
1005,\t,n/a,n/a,ISO-8859-1
1006,",",n/a,n/a,ascii
1007,",",n/a,n/a,ascii
1008,",",n/a,n/a,utf-8
1009,",",n/a,n/a,ascii
1010,",",n/a,n/a,ascii
1011,",",n/a,n/a,ascii
1012,",",n/a,n/a,ascii
1013,",",n/a,n/a,ascii
1014,",",n/a,n/a,ascii
1015,",",n/a,n/a,ascii
1016,",",n/a,n/a,ascii
1017,;,n/a,n/a,ascii
1018,\t,n/a,n/a,ascii
1019,space,n/a,n/a,ascii
1020,",","""",n/a,ascii
1021,",","""",n/a,ascii
1022,\t,n/a,n/a,ascii
1023,",","""",n/a,ascii
1024,",","""",n/a,ascii
1025,",",n/a,n/a,ascii
1026,",",n/a,n/a,ascii
1027,",",n/a,n/a,ascii
1028,",",n/a,n/a,ascii
1029,",",n/a,n/a,ascii
1030,",",n/a,n/a,ascii
1031,",",n/a,n/a,ascii
1032,",",n/a,n/a,ascii
1033,",",n/a,n/a,ascii
1034,",",n/a,n/a,ascii
1035,",",n/a,n/a,ascii
1036,",",n/a,n/a,ascii
1037,",",n/a,n/a,ascii
1038,",",n/a,n/a,ascii
1039,",",n/a,n/a,utf-8
1040,",",n/a,n/a,ascii
1041,",",n/a,n/a,ascii
1042,",",n/a,n/a,ascii
1043,",",n/a,n/a,ascii
1044,",",n/a,n/a,ascii
1045,",",n/a,n/a,ascii
1046,",",n/a,n/a,ascii
1047,",",n/a,n/a,ascii
1048,\t,n/a,n/a,ISO-8859-1
1049,\t,n/a,n/a,ascii
1050,\t,n/a,n/a,ISO-8859-1
1051,space,n/a,n/a,ascii
1052,",","""",n/a,ascii
1053,",","""",n/a,ascii
1054,",","""",n/a,utf-8
1055,",","""",n/a,ascii
1056,",","""",n/a,ascii
1057,",","""",n/a,ascii
1058,",","""",n/a,ISO-8859-1
1059,",","""",n/a,ascii
1060,",","""",n/a,utf-8
1061,",","""",n/a,ascii
1062,",","""",n/a,ascii
1063,",","""",n/a,ascii
1064,",",n/a,n/a,ascii
1065,",",n/a,n/a,ascii
1066,",",n/a,n/a,ascii
1067,",",n/a,n/a,ascii
1068,",",n/a,n/a,ascii
1069,",",n/a,n/a,﻿GB2312
1070,",",n/a,n/a,ascii
1071,",",n/a,n/a,utf-8
1072,",",n/a,n/a,ascii
1073,",",n/a,n/a,ascii
1074,",",n/a,n/a,utf-8
1075,",",n/a,n/a,ascii
1076,",",n/a,n/a,ascii
1077,",",n/a,n/a,ascii
1078,;,n/a,n/a,ISO-8859-1
1079,\t,n/a,n/a,ascii
1080,|,n/a,n/a,ascii
1081,space,n/a,n/a,ascii
1082,;,"""",n/a,ascii
1083,",",n/a,n/a,ascii
1084,",",n/a,n/a,ascii
1085,",",n/a,n/a,ascii
1086,",",n/a,n/a,ascii
1087,",",n/a,n/a,ascii
1088,",",n/a,n/a,ascii
1089,",",n/a,n/a,ascii
1090,",",n/a,n/a,ascii
1091,",",n/a,n/a,ascii
1092,",",n/a,n/a,ascii
1093,",",n/a,n/a,ascii
1094,",",n/a,n/a,ascii
1095,",",n/a,n/a,ascii
1096,",",n/a,n/a,ascii
1097,",",n/a,n/a,ascii
1098,",",n/a,n/a,ascii
1099,",",n/a,n/a,utf-8
1100,",",n/a,n/a,ascii
1101,#,n/a,n/a,utf-8
1102,",","""",n/a,ISO-8859-1
1103,",","""",n/a,ascii
1104,",","""",n/a,ascii
1105,",","""",n/a,ascii
1106,",","""",n/a,ascii
1107,",","""",n/a,utf-8
1108,",","""",n/a,ascii
1109,:,n/a,n/a,ascii
1110,\t,n/a,n/a,ascii
1111,space,n/a,n/a,ascii
1112,",",n/a,n/a,ascii
1113,",",n/a,n/a,ascii
1114,",",n/a,n/a,ascii
1115,",",n/a,n/a,ascii
1116,",",n/a,n/a,ascii
1117,",",n/a,n/a,ascii
1118,",",n/a,n/a,ascii
1119,",",n/a,n/a,ascii
1120,",",n/a,n/a,ascii
1121,",",n/a,n/a,ascii
1122,",",n/a,n/a,ascii
1123,",",n/a,n/a,ascii
1124,",",n/a,n/a,ascii
1125,",",n/a,n/a,utf-8
1126,",",n/a,n/a,ascii
1127,",",n/a,n/a,ascii
1128,",","""",n/a,ascii
1129,",","""",n/a,ascii
1130,",","""",n/a,ascii
1131,",","""",n/a,utf-8
1132,",","""",n/a,ascii
1133,",","""",n/a,ascii
1134,;,"""",n/a,utf-8
1135,\t,n/a,n/a,ISO-8859-1
1136,space,n/a,n/a,ascii
1137,;,n/a,n/a,ascii
1138,;,n/a,n/a,ISO-8859-1
1139,;,n/a,n/a,ascii
1140,;,n/a,n/a,ascii
1141,",",n/a,n/a,ascii
1142,",",n/a,n/a,ascii
1143,",",n/a,n/a,ascii
1144,",",n/a,n/a,ascii
1145,",",n/a,n/a,ascii
1146,",",n/a,n/a,ascii
1147,",",n/a,n/a,ascii
1148,",",n/a,n/a,ascii
1149,",",n/a,n/a,ascii
1150,",",n/a,n/a,ascii
1151,",",n/a,n/a,ascii
1152,",",n/a,n/a,ascii
1153,",",n/a,n/a,ascii
1154,",",n/a,n/a,ascii
1155,",","""",n/a,ascii
1156,",","""",n/a,utf-8
1157,",","""",n/a,ascii
1158,",","""",n/a,ascii
1159,n/a,n/a,n/a,ascii
1160,",",n/a,n/a,ascii
1161,",",n/a,n/a,ascii
1162,",",n/a,n/a,﻿Big5
1163,",",n/a,n/a,ascii
1164,",",n/a,n/a,ascii
1165,",",n/a,n/a,ascii
1166,",",n/a,n/a,ascii
1167,",",n/a,n/a,ascii
1168,",",n/a,n/a,ascii
1169,",",n/a,n/a,ascii
1170,",",n/a,n/a,ascii
1171,",",n/a,n/a,ascii
1172,",",n/a,n/a,ascii
1173,;,n/a,n/a,ISO-8859-1
1174,",","""",n/a,ascii
1175,",","""",n/a,ascii
1176,",","""",n/a,utf-8
1177,",","""",n/a,ascii
1178,",","""",n/a,ascii
1179,",","""",n/a,utf-8
1180,",","""",n/a,ascii
1181,",","""",n/a,ascii
1182,",","""",n/a,ascii
1183,",","""",n/a,ascii
1184,",","""",n/a,utf-8
1185,",","""",n/a,ascii
1186,",","""",n/a,utf-8
1187,",","""",n/a,ascii
1188,\t,n/a,n/a,ascii
1189,",",n/a,n/a,utf-8
1190,",",n/a,n/a,utf-8
1191,",",n/a,n/a,ascii
1192,",",n/a,n/a,ascii
1193,",",n/a,n/a,ascii
1194,",",n/a,n/a,ascii
1195,",",n/a,n/a,ascii
1196,",",n/a,n/a,utf-8
1197,",",n/a,n/a,ascii
1198,",",n/a,n/a,ascii
1199,",",n/a,n/a,ascii
1200,",",n/a,n/a,ascii
1201,",",n/a,n/a,ascii
1202,",",n/a,n/a,ascii
1203,",",n/a,n/a,ascii
1204,",",n/a,n/a,ascii
1205,",",n/a,n/a,ascii
1206,",",n/a,n/a,ascii
1207,",",n/a,n/a,ascii
1208,",",n/a,n/a,ascii
1209,",",n/a,n/a,utf-8
1210,",",n/a,n/a,ascii
1211,",",n/a,n/a,ascii
1212,",",n/a,n/a,ascii
1213,",",n/a,n/a,ascii
1214,",",n/a,n/a,ascii
1215,",",n/a,n/a,ascii
1216,",",n/a,n/a,ascii
1217,",",n/a,n/a,ascii
1218,",",n/a,n/a,ascii
1219,",",n/a,n/a,ascii
1220,",",n/a,n/a,ascii
1221,",",n/a,n/a,ascii
1222,",",n/a,n/a,ascii
1223,|,n/a,n/a,utf-8
1224,;,n/a,n/a,ISO-8859-1
1225,\t,n/a,n/a,ascii
1226,\t,n/a,n/a,ascii
1227,n/a,n/a,n/a,ascii
1228,",","""",n/a,ascii
1229,",","""",n/a,ascii
1230,",","""",n/a,ascii
1231,",","""",n/a,ascii
1232,",","""",n/a,ascii
1233,",","""",n/a,utf-8
1234,",","""",n/a,utf-8
1235,",","""",n/a,ascii
1236,",",n/a,n/a,ascii
1237,",",n/a,n/a,ascii
1238,",",n/a,n/a,utf-8
1239,",",n/a,n/a,ascii
1240,",",n/a,n/a,ascii
1241,",",n/a,n/a,ascii
1242,",",n/a,n/a,ascii
1243,",",n/a,n/a,ascii
1244,",",n/a,n/a,ascii
1245,",",n/a,n/a,ascii
1246,",",n/a,n/a,ascii
1247,",",n/a,n/a,utf-8
1248,",",n/a,n/a,ascii
1249,",",n/a,n/a,ascii
1250,",",n/a,n/a,ascii
1251,",",n/a,n/a,ascii
1252,",",n/a,n/a,ascii
1253,",",n/a,n/a,ascii
1254,",",n/a,n/a,ascii
1255,",",n/a,n/a,ascii
1256,",",n/a,n/a,ascii
1257,",",n/a,n/a,ascii
1258,",",n/a,n/a,ascii
1259,\t,n/a,n/a,ascii
1260,\t,n/a,n/a,ISO-8859-1
1261,;,n/a,n/a,ISO-8859-1
1262,;,n/a,n/a,ISO-8859-1
1263,n/a,n/a,n/a,ascii
1264,",","""",n/a,ascii
1265,",","""",n/a,ascii
1266,",","""",n/a,ascii
1267,",","""",n/a,ascii
1268,",","""",n/a,utf-8
1269,",","""",n/a,utf-8
1270,",","""",n/a,ascii
1271,",","""",n/a,ascii
1272,",","""",n/a,ascii
1273,",","""",n/a,ascii
1274,",","""",n/a,ascii
1275,space,n/a,n/a,ascii
1276,;,n/a,n/a,ISO-8859-1
1277,;,n/a,n/a,ascii
1278,",",n/a,n/a,ascii
1279,",",n/a,n/a,ascii
1280,",",n/a,n/a,utf-8
1281,",",n/a,n/a,ascii
1282,\t,n/a,n/a,ISO-8859-1
1283,\t,n/a,n/a,ascii
1284,",",n/a,n/a,ascii
1285,",",n/a,n/a,ascii
1286,",",n/a,n/a,ascii
1287,",",n/a,n/a,ascii
1288,",",n/a,n/a,﻿GB2312
1289,",",n/a,n/a,ascii
1290,",",n/a,n/a,ascii
1291,",",n/a,n/a,ascii
1292,",",n/a,n/a,ascii
1293,",",n/a,n/a,ascii
1294,\t,n/a,n/a,ascii
1295,",",n/a,n/a,ascii
1296,",",n/a,n/a,ascii
1297,",",n/a,n/a,ascii
1298,",",n/a,n/a,ascii
1299,",",n/a,n/a,ascii
1300,",","""",n/a,ascii
1301,",","""",n/a,ascii
1302,",","""",n/a,ascii
1303,",","""",n/a,ascii
1304,;,"""",n/a,ascii
1305,",","""",n/a,ascii
1306,",",n/a,n/a,ascii
1307,",","""",n/a,ascii
1308,",","""",n/a,ascii
1309,",","""",n/a,ascii
1310,;,n/a,n/a,ascii
1311,",",n/a,n/a,ascii
1312,",",n/a,n/a,utf-8
1313,",",n/a,n/a,ascii
1314,",",n/a,n/a,ascii
1315,",",n/a,n/a,ascii
1316,",",n/a,n/a,ascii
1317,",",n/a,n/a,utf-8
1318,",",n/a,n/a,ascii
1319,",",n/a,n/a,ascii
1320,",",n/a,n/a,ascii
1321,",",n/a,n/a,ascii
1322,",",n/a,n/a,ascii
1323,",",n/a,n/a,utf-8
1324,",",n/a,n/a,ISO-8859-1
1325,",","""",n/a,ascii
1326,",","""",n/a,ascii
1327,n/a,n/a,n/a,ascii
1328,;,n/a,n/a,ascii
1329,\t,n/a,n/a,ascii
1330,;,n/a,n/a,ISO-8859-1
1331,;,n/a,n/a,ISO-8859-1
1332,",",n/a,n/a,ascii
1333,",",n/a,n/a,ascii
1334,",",n/a,n/a,ascii
1335,",",n/a,n/a,ascii
1336,",",n/a,n/a,utf-8
1337,",",n/a,n/a,ascii
1338,",",n/a,n/a,utf-8
1339,",",n/a,n/a,ascii
1340,",",n/a,n/a,ascii
1341,",",n/a,n/a,ascii
1342,",",n/a,n/a,ascii
1343,",",n/a,n/a,ascii
1344,",","""",n/a,ascii
1345,",","""",n/a,ascii
1346,",","""",n/a,ascii
1347,",","""",n/a,Windows-1252
1348,",","""",n/a,ascii
1349,",","""",n/a,ascii
1350,\t,n/a,n/a,ascii
1351,",",n/a,n/a,ascii
1352,",",n/a,n/a,ascii
1353,",",n/a,n/a,ascii
1354,",",n/a,n/a,ascii
1355,",",n/a,n/a,ascii
1356,",",n/a,n/a,ascii
1357,",",n/a,n/a,ascii
1358,",",n/a,n/a,ascii
1359,",",n/a,n/a,ascii
1360,",",n/a,n/a,ascii
1361,",",n/a,n/a,ascii
1362,>,n/a,front,utf-8
1363,",","""",n/a,ascii
1364,",","""",n/a,ascii
1365,",","""",n/a,ascii
1366,",","""",n/a,ascii
1367,",","""",n/a,ascii
1368,",","""",n/a,ascii
1369,",","""",n/a,ascii
1370,",","""",n/a,utf-8
1371,",","""",n/a,ascii
1372,",","""",n/a,ascii
1373,",",n/a,n/a,ascii
1374,",",n/a,n/a,ascii
1375,",",n/a,n/a,ascii
1376,",",n/a,n/a,ascii
1377,;,n/a,n/a,ISO-8859-1
1378,;,n/a,n/a,ISO-8859-1
1379,",","""",n/a,utf-8
1380,",","""",n/a,ascii
1381,",","""",n/a,ascii
1382,",","""",n/a,ascii
1383,",","""",n/a,ascii
1384,",","""",n/a,ascii
1385,",","""",n/a,ascii
1386,",","""",n/a,ascii
1387,",","""",n/a,utf-8
1388,",","""",n/a,ascii
1389,:,n/a,n/a,ascii
1390,\t,n/a,n/a,ascii
1391,\t,n/a,n/a,ascii
1392,",",n/a,n/a,ascii
1393,",",n/a,n/a,ascii
1394,",",n/a,n/a,ascii
1395,",",n/a,n/a,ascii
1396,",",n/a,n/a,ascii
1397,",",n/a,n/a,ascii
1398,",",n/a,n/a,ascii
1399,",",n/a,n/a,ascii
1400,",",n/a,n/a,ascii
1401,",",n/a,n/a,ascii
1402,",",n/a,n/a,ascii
1403,",",n/a,n/a,ascii
1404,",",n/a,n/a,ascii
1405,",",n/a,n/a,ascii
1406,",",n/a,n/a,ascii
1407,",",n/a,n/a,utf-8
1408,",",n/a,n/a,ascii
1409,",",n/a,n/a,ascii
1410,",",n/a,n/a,ascii
1411,",",n/a,n/a,ascii
1412,",",n/a,n/a,ascii
1413,",",n/a,n/a,ascii
1414,",",n/a,n/a,ascii
1415,",",n/a,n/a,ascii
1416,",",n/a,n/a,ascii
1417,",",n/a,n/a,utf-8
1418,",",n/a,n/a,utf-8
1419,",",n/a,n/a,ascii
1420,",",n/a,n/a,ascii
1421,",",n/a,n/a,ascii
1422,",",n/a,n/a,utf-8
1423,",",n/a,n/a,utf-8
1424,;,n/a,n/a,ISO-8859-1
1425,;,n/a,n/a,ascii
1426,n/a,n/a,n/a,ascii
1427,n/a,n/a,n/a,ascii
1428,",","""",n/a,ascii
1429,",","""",n/a,ascii
1430,",","""",n/a,ascii
1431,",","""",n/a,UTF-16
1432,",","""",n/a,utf-8
1433,",","""",n/a,ascii
1434,",","""",n/a,ascii
1435,",","""",n/a,ascii
1436,;,n/a,n/a,ISO-8859-1
1437,",","""",n/a,ascii
1438,",","""",n/a,ascii
1439,",","""",n/a,ascii
1440,",","""",n/a,ascii
1441,",",n/a,n/a,ascii
1442,",",n/a,n/a,ascii
1443,",",n/a,n/a,ascii
1444,",",n/a,n/a,ascii
1445,",",n/a,n/a,ascii
1446,",",n/a,n/a,ascii
1447,",",n/a,n/a,ascii
1448,",",n/a,n/a,ascii
1449,",",n/a,n/a,ascii
1450,",",n/a,n/a,﻿GB2312
1451,",",n/a,n/a,ascii
1452,",",n/a,n/a,ascii
1453,",",n/a,n/a,ascii
1454,",",n/a,n/a,ascii
1455,;,"""",n/a,ascii
1456,;,"""",n/a,ISO-8859-1
1457,",","""",n/a,ascii
1458,",",n/a,n/a,ascii
1459,",",n/a,n/a,ascii
1460,",",n/a,n/a,ascii
1461,",",n/a,n/a,ascii
1462,",",n/a,n/a,ascii
1463,",",n/a,n/a,ascii
1464,",",n/a,n/a,ascii
1465,",",n/a,n/a,ascii
1466,",",n/a,n/a,ascii
1467,",",n/a,n/a,ascii
1468,",",n/a,n/a,ascii
1469,",",n/a,n/a,ascii
1470,",",n/a,n/a,ascii
1471,",",n/a,n/a,ascii
1472,",",n/a,n/a,ascii
1473,",",n/a,n/a,ascii
1474,",",n/a,n/a,ascii
1475,",",n/a,n/a,ascii
1476,",",n/a,n/a,ascii
1477,",",n/a,n/a,ascii
1478,",",n/a,n/a,ascii
1479,",",n/a,n/a,ascii
1480,",",n/a,n/a,ascii
1481,",",n/a,n/a,ascii
1482,",",n/a,n/a,ascii
1483,",",n/a,n/a,ascii
1484,",",n/a,n/a,ascii
1485,",",n/a,n/a,ascii
1486,",",n/a,n/a,ascii
1487,",",n/a,n/a,ascii
1488,",",n/a,n/a,ascii
1489,",",n/a,n/a,ascii
1490,",",n/a,n/a,ascii
1491,",",n/a,n/a,ascii
1492,",",n/a,n/a,ascii
1493,|,n/a,n/a,utf-8
1494,;,n/a,n/a,ISO-8859-1
1495,;,n/a,n/a,ISO-8859-1
1496,",","""",n/a,ascii
1497,",","""",n/a,utf-8
1498,",","""",n/a,ascii
1499,",","""",n/a,ISO-8859-1
1500,",","""",n/a,ascii
1501,",","""",n/a,ascii
1502,",","""",n/a,ascii
1503,",","""",n/a,ascii
1504,",","""",n/a,ascii
1505,",","""",n/a,ascii
1506,",","""",n/a,Utf-16
1507,",","""",n/a,ascii
1508,",","""",n/a,ISO-8859-1
1509,",","""",n/a,ascii
1510,",",n/a,n/a,ascii
1511,",",n/a,n/a,ascii
1512,",",n/a,n/a,ascii
1513,",",n/a,n/a,ascii
1514,",",n/a,n/a,ascii
1515,",",n/a,n/a,ascii
1516,",",n/a,n/a,ascii
1517,",",n/a,n/a,ascii
1518,",",n/a,n/a,ascii
1519,",",n/a,n/a,ascii
1520,",",n/a,n/a,ascii
1521,",",n/a,n/a,ascii
1522,",",n/a,n/a,ascii
1523,",",n/a,n/a,ascii
1524,",",n/a,n/a,ascii
1525,",",n/a,n/a,ascii
1526,",",n/a,n/a,ascii
1527,",",n/a,n/a,ascii
1528,;,"""",n/a,ascii
1529,",",n/a,n/a,ascii
1530,",",n/a,n/a,ascii
1531,",",n/a,n/a,ascii
1532,",",n/a,n/a,ascii
1533,",",n/a,n/a,ascii
1534,",",n/a,n/a,ascii
1535,",",n/a,n/a,ascii
1536,",",n/a,n/a,ascii
1537,",",n/a,n/a,utf-8
1538,",",n/a,n/a,ascii
1539,",",n/a,n/a,ascii
1540,",",n/a,n/a,ascii
1541,",",n/a,n/a,ascii
1542,",",n/a,n/a,ascii
1543,",",n/a,n/a,ascii
1544,",",n/a,n/a,ascii
1545,",",n/a,n/a,ascii
1546,",",n/a,n/a,ascii
1547,",",n/a,n/a,ascii
1548,",",n/a,n/a,utf-8
1549,\t,n/a,n/a,ascii
1550,",","""",n/a,ascii
1551,",","""",n/a,utf-8
1552,",","""",n/a,ascii
1553,",","""",n/a,ascii
1554,",","""",n/a,ascii
1555,",","""",n/a,utf-8
1556,|,n/a,n/a,ascii
1557,;,n/a,n/a,ascii
1558,",","""",n/a,utf-8
1559,",",n/a,n/a,ascii
1560,",",n/a,n/a,ISO-8859-1
1561,",",n/a,n/a,ascii
1562,",",n/a,n/a,ascii
1563,",",n/a,n/a,ascii
1564,",",n/a,n/a,ascii
1565,",",n/a,n/a,ascii
1566,",",n/a,n/a,ascii
1567,",",n/a,n/a,ascii
1568,",",n/a,n/a,ascii
1569,",",n/a,n/a,ascii
1570,",",n/a,n/a,ascii
1571,",",n/a,n/a,ascii
1572,",",n/a,n/a,ascii
1573,",",n/a,n/a,ascii
1574,",",n/a,n/a,utf-8
1575,",",n/a,n/a,ascii
1576,",",n/a,n/a,ascii
1577,",","""",n/a,ascii
1578,",","""",n/a,ascii
1579,",","""",n/a,ascii
1580,",","""",n/a,utf-8
1581,",","""",n/a,ascii
1582,",","""",n/a,ascii
1583,",","""",n/a,utf-8
1584,",","""",n/a,utf-8
1585,\t,n/a,n/a,ISO-8859-1
1586,",","""",n/a,ascii
1587,",","""",n/a,utf-8
1588,",","""",n/a,ascii
1589,",","""",n/a,utf-8
1590,",","""",n/a,ascii
1591,",","""",n/a,ascii
1592,",","""",n/a,utf-8
1593,",","""",n/a,ascii
1594,",","""",n/a,utf-8
1595,",","""",n/a,ascii
1596,",","""",n/a,utf-8
1597,",",n/a,n/a,ascii
1598,",",n/a,n/a,ascii
1599,",",n/a,n/a,ascii
1600,",",n/a,n/a,ascii
1601,",",n/a,n/a,ascii
1602,",",n/a,n/a,ascii
1603,",",n/a,n/a,ascii
1604,",",n/a,n/a,ascii
1605,",",n/a,n/a,ascii
1606,",",n/a,n/a,ascii
1607,",",n/a,n/a,ascii
1608,",",n/a,n/a,ascii
1609,",",n/a,n/a,ISO-8859-1
1610,",",n/a,n/a,utf-8
1611,currency,n/a,n/a,﻿ISO-8859-9
1612,;,n/a,n/a,ISO-8859-1
1613,;,n/a,n/a,ascii
1614,\t,n/a,n/a,ISO-8859-1
1615,",",n/a,n/a,utf-8
1616,",",n/a,n/a,ascii
1617,",",n/a,n/a,ascii
1618,",",n/a,n/a,ascii
1619,",",n/a,n/a,ascii
1620,",",n/a,n/a,ascii
1621,",",n/a,n/a,ascii
1622,",",n/a,n/a,ascii
1623,",",n/a,n/a,ascii
1624,",",n/a,n/a,ascii
1625,",",n/a,n/a,ascii
1626,",",n/a,n/a,ascii
1627,",",n/a,n/a,ascii
1628,",",n/a,n/a,ascii
1629,",",n/a,n/a,ascii
1630,",",n/a,n/a,ascii
1631,",",n/a,n/a,ascii
1632,",",n/a,n/a,ascii
1633,",",n/a,n/a,ascii
1634,",",n/a,n/a,ascii
1635,",","""",n/a,ascii
1636,",","""",n/a,ISO-8859-1
1637,",","""",n/a,ascii
1638,",","""",n/a,utf-8
1639,",","""",n/a,ascii
1640,",","""",n/a,utf-8
1641,;,n/a,n/a,ascii
1642,n/a,n/a,n/a,ascii
1643,*,n/a,n/a,ascii
1644,",","""",n/a,ascii
1645,",","""",n/a,ascii
1646,",","""",n/a,ascii
1647,",","""",n/a,ascii
1648,",","""",n/a,ascii
1649,",","""",n/a,ascii
1650,",","""",n/a,utf-8
1651,",","""",n/a,ascii
1652,",","""",n/a,ascii
1653,",","""",n/a,ascii
1654,",",n/a,n/a,ascii
1655,",",n/a,n/a,ascii
1656,",",n/a,n/a,ascii
1657,",",n/a,n/a,ascii
1658,",",n/a,n/a,ascii
1659,",",n/a,n/a,ascii
1660,",",n/a,n/a,ascii
1661,",",n/a,n/a,utf-8
1662,",",n/a,n/a,ascii
1663,",",n/a,n/a,ascii
1664,",",n/a,n/a,ascii
1665,",",n/a,n/a,ascii
1666,",",n/a,n/a,ascii
1667,",",n/a,n/a,utf-8
1668,",",n/a,n/a,ascii
1669,",",n/a,n/a,ascii
1670,\t,n/a,n/a,ISO-8859-1
1671,\t,n/a,n/a,ascii
1672,;,"""",n/a,ascii
1673,",",n/a,n/a,ascii
1674,",",n/a,n/a,ascii
1675,",",n/a,n/a,ascii
1676,",",n/a,n/a,ascii
1677,",",n/a,n/a,ascii
1678,",",n/a,n/a,ascii
1679,",",n/a,n/a,ascii
1680,",",n/a,n/a,ascii
1681,",",n/a,n/a,ascii
1682,",",n/a,n/a,ascii
1683,",",n/a,n/a,ascii
1684,",",n/a,n/a,ascii
1685,",",n/a,n/a,ascii
1686,",",n/a,n/a,ascii
1687,",",n/a,n/a,ascii
1688,",","""",n/a,utf-8
1689,",","""",n/a,ascii
1690,",","""",n/a,ascii
1691,",","""",n/a,ascii
1692,",","""",n/a,ascii
1693,",","""",n/a,ascii
1694,",","""",n/a,ascii
1695,",","""",n/a,utf-8
1696,",","""",n/a,ascii
1697,\t,"""",n/a,ascii
1698,n/a,n/a,n/a,ascii
1699,;,n/a,n/a,ISO-8859-1
1700,\t,n/a,n/a,ISO-8859-1
1701,space,n/a,n/a,ascii
1702,;,n/a,n/a,ascii
1703,;,n/a,n/a,ISO-8859-1
1704,;,"""",n/a,utf-8
1705,",",n/a,n/a,ascii
1706,",",n/a,n/a,ascii
1707,",",n/a,n/a,ascii
1708,",",n/a,n/a,ascii
1709,",",n/a,n/a,ascii
1710,",",n/a,n/a,ascii
1711,",",n/a,n/a,ascii
1712,",",n/a,n/a,ascii
1713,",",n/a,n/a,ascii
1714,",",n/a,n/a,utf-8
1715,",",n/a,n/a,ascii
1716,",",n/a,n/a,ascii
1717,",",n/a,n/a,ascii
1718,",",n/a,n/a,ascii
1719,",",n/a,n/a,ascii
1720,",",n/a,n/a,ascii
1721,",",n/a,n/a,Big5
1722,space,n/a,n/a,ascii
1723,",","""",n/a,ascii
1724,",","""",n/a,ascii
1725,",","""",n/a,ascii
1726,",","""",n/a,ascii
1727,",","""",n/a,ascii
1728,",","""",n/a,ascii
1729,",","""",n/a,ascii
1730,n/a,n/a,n/a,ascii
1731,",",n/a,n/a,ascii
1732,",",n/a,n/a,ascii
1733,",","""",n/a,ascii
1734,",",n/a,n/a,ascii
1735,",",n/a,n/a,ascii
1736,",",n/a,n/a,ascii
1737,",",n/a,n/a,ascii
1738,",",n/a,n/a,ascii
1739,",",n/a,n/a,ascii
1740,",",n/a,n/a,ascii
1741,",",n/a,n/a,ascii
1742,",",n/a,n/a,ascii
1743,",",n/a,n/a,ascii
1744,",",n/a,n/a,ascii
1745,",",n/a,n/a,ascii
1746,",",n/a,n/a,ascii
1747,",",n/a,n/a,ascii
1748,",",n/a,n/a,ascii
1749,",","""",n/a,ascii
1750,",","""",n/a,ascii
1751,",","""",n/a,ascii
1752,",","""",n/a,ascii
1753,",","""",n/a,ascii
1754,",","""",n/a,ascii
1755,n/a,n/a,n/a,ascii
1756,;,n/a,n/a,ISO-8859-1
1757,",",n/a,n/a,ascii
1758,",",n/a,n/a,ascii
1759,",",n/a,n/a,ascii
1760,",",n/a,n/a,ascii
1761,",",n/a,n/a,ascii
1762,",",n/a,n/a,ascii
1763,",",n/a,n/a,ascii
1764,",",n/a,n/a,ascii
1765,",",n/a,n/a,ascii
1766,",",n/a,n/a,ascii
1767,",",n/a,n/a,ascii
1768,",",n/a,n/a,ascii
1769,",",n/a,n/a,ascii
1770,",",n/a,n/a,ascii
1771,",",n/a,n/a,ascii
1772,",",n/a,n/a,ascii
1773,",",n/a,n/a,ascii
1774,",","""",n/a,ascii
1775,",","""",n/a,ascii
1776,",","""",n/a,ascii
1777,",","""",n/a,ascii
1778,",","""",n/a,ascii
1779,",","""",n/a,ascii
1780,",","""",n/a,ascii
1781,",","""",n/a,ascii
1782,",","""",n/a,utf-8
1783,\t,n/a,n/a,ascii
1784,\t,n/a,n/a,ascii
1785,;,"""",n/a,utf-8
1786,",","""",n/a,ascii
1787,",","""",n/a,ascii
1788,",","""",n/a,ascii
1789,",","""",n/a,utf-8
1790,",","""",n/a,ascii
1791,",","""",n/a,ascii
1792,",","""",n/a,ascii
1793,",","""",n/a,utf-8
1794,",","""",n/a,ascii
1795,\t,n/a,n/a,ascii
1796,",",n/a,n/a,ascii
1797,",",n/a,n/a,ascii
1798,",",n/a,n/a,ascii
1799,",",n/a,n/a,ascii
1800,",",n/a,n/a,ascii
1801,",",n/a,n/a,ascii
1802,",",n/a,n/a,ascii
1803,",",n/a,n/a,ascii
1804,",",n/a,n/a,ascii
1805,",",n/a,n/a,ascii
1806,",",n/a,n/a,ascii
1807,",",n/a,n/a,ascii
1808,",",n/a,n/a,ascii
1809,",",n/a,n/a,utf-8
1810,currency,n/a,n/a,﻿ISO-8859-9
1811,;,"""",n/a,ascii
1812,;,"""",n/a,utf-8
1813,;,n/a,n/a,ISO-8859-1
1814,;,n/a,n/a,ISO-8859-1
1815,",",single,n/a,utf-8
1816,",",n/a,n/a,ascii
1817,",",n/a,n/a,ascii
1818,",",n/a,n/a,ascii
1819,",",n/a,n/a,ascii
1820,",",n/a,n/a,ascii
1821,",",n/a,n/a,ascii
1822,",",n/a,n/a,ascii
1823,",",n/a,n/a,ascii
1824,",",n/a,n/a,ascii
1825,",",n/a,n/a,ascii
1826,",",n/a,n/a,ascii
1827,",",n/a,n/a,ascii
1828,",",n/a,n/a,ascii
1829,\t,n/a,n/a,ISO-8859-1
1830,\t,n/a,n/a,ascii
1831,",","""",n/a,ascii
1832,",","""",n/a,ascii
1833,",","""",n/a,ascii
1834,",","""",n/a,ascii
1835,",","""",n/a,ascii
1836,",","""",n/a,utf-8
1837,",","""",n/a,ascii
1838,",","""",n/a,ascii
1839,;,n/a,n/a,ISO-8859-1
1840,;,n/a,n/a,ascii
1841,;,n/a,n/a,ascii
1842,;,n/a,n/a,ISO-8859-1
1843,;,"""",n/a,ISO-8859-1
1844,",","""",n/a,ascii
1845,",","""",n/a,utf-8
1846,",","""",n/a,utf-8
1847,",","""",n/a,ascii
1848,",","""",n/a,ascii
1849,",",n/a,n/a,ascii
1850,",",n/a,n/a,ascii
1851,",",n/a,n/a,ascii
1852,",",n/a,n/a,ascii
1853,",",n/a,n/a,ascii
1854,",",n/a,n/a,utf-8
1855,",",n/a,n/a,utf-8
1856,",",n/a,n/a,ascii
1857,",",n/a,n/a,ascii
1858,",",n/a,n/a,ascii
1859,",",n/a,n/a,ascii
1860,",",n/a,n/a,utf-8
1861,",",n/a,n/a,utf-8
1862,",",n/a,n/a,ascii
1863,",",n/a,n/a,ascii
1864,",",n/a,n/a,ascii
1865,",",n/a,n/a,ascii
1866,",",n/a,n/a,ascii
1867,",",n/a,n/a,ascii
1868,",",n/a,n/a,ascii
1869,",",n/a,n/a,ascii
1870,|,n/a,n/a,ascii
1871,space,n/a,n/a,ascii
1872,n/a,n/a,n/a,ascii
1873,\t,n/a,n/a,ISO-8859-1
1874,",",n/a,n/a,ascii
1875,",",n/a,n/a,ascii
1876,",",n/a,n/a,ascii
1877,",",n/a,n/a,ascii
1878,",",n/a,n/a,ascii
1879,",",n/a,n/a,utf-8
1880,",",n/a,n/a,ascii
1881,",",n/a,n/a,ascii
1882,",",n/a,n/a,utf-8
1883,",",n/a,n/a,ascii
1884,",",n/a,n/a,ascii
1885,",",n/a,n/a,ascii
1886,",",n/a,n/a,ascii
1887,",",n/a,n/a,Windows-1252
1888,",",n/a,n/a,ascii
1889,",",n/a,n/a,ascii
1890,",",n/a,n/a,ascii
1891,",",n/a,n/a,ascii
1892,",",n/a,n/a,ascii
1893,",",n/a,n/a,utf-8
1894,",",n/a,n/a,ascii
1895,",","""",n/a,ascii
1896,",","""",n/a,ascii
1897,",","""",n/a,utf-8
1898,",","""",n/a,ascii
1899,",","""",n/a,ascii
1900,",","""",n/a,ascii
1901,;,n/a,n/a,utf-8
1902,",",n/a,n/a,ascii
1903,",",n/a,n/a,ascii
1904,",",n/a,n/a,ascii
1905,",",n/a,n/a,utf-8
1906,",",n/a,n/a,ascii
1907,",",n/a,n/a,ascii
1908,",",n/a,n/a,ascii
1909,",",n/a,n/a,ascii
1910,",",n/a,n/a,ascii
1911,",",n/a,n/a,ascii
1912,",",n/a,n/a,ascii
1913,",",n/a,n/a,ascii
1914,",",n/a,n/a,utf-8
1915,",",n/a,n/a,ascii
1916,",",n/a,n/a,ascii
1917,",",n/a,n/a,ascii
1918,",",n/a,n/a,ascii
1919,",",n/a,n/a,utf-8
1920,",",n/a,n/a,ascii
1921,",","""",n/a,utf-8
1922,",","""",n/a,utf-8
1923,",","""",n/a,ascii
1924,",","""",n/a,utf-8
1925,",","""",n/a,ascii
1926,",","""",n/a,ascii
1927,",","""",n/a,ascii
1928,",","""",n/a,ascii
1929,space,n/a,n/a,ascii
1930,\t,n/a,n/a,ascii
1931,",",n/a,n/a,ascii
1932,",",n/a,n/a,ascii
1933,",",n/a,n/a,ascii
1934,",",n/a,n/a,ascii
1935,",",n/a,n/a,ascii
1936,",",n/a,n/a,ascii
1937,",",n/a,n/a,ascii
1938,",",n/a,n/a,ascii
1939,",",n/a,n/a,ascii
1940,",",n/a,n/a,ascii
1941,",",n/a,n/a,ascii
1942,",",n/a,n/a,ascii
1943,",",n/a,n/a,ascii
1944,",",n/a,n/a,ascii
1945,",",n/a,n/a,ascii
1946,",",n/a,n/a,utf-8
1947,",","""",n/a,utf-8
1948,",","""",n/a,ascii
1949,",","""",n/a,ascii
1950,",","""",n/a,ascii
1951,",","""",n/a,utf-8
1952,",","""",n/a,ascii
1953,",","""",n/a,ascii
1954,",","""",n/a,ascii
1955,\t,n/a,n/a,ISO-8859-1
1956,;,n/a,n/a,ISO-8859-1
1957,n/a,n/a,n/a,ascii
1958,;,n/a,n/a,utf-8
1959,\t,n/a,n/a,ISO-8859-1
1960,",",n/a,n/a,ascii
1961,",",n/a,n/a,ascii
1962,",",n/a,n/a,utf-8
1963,",",n/a,n/a,ascii
1964,",",n/a,n/a,﻿GB2312
1965,",",n/a,n/a,ascii
1966,",",n/a,n/a,ascii
1967,",",n/a,n/a,ascii
1968,",",n/a,n/a,Big5
1969,",",n/a,n/a,ascii
1970,",",n/a,n/a,ascii
1971,",",n/a,n/a,ascii
1972,",",n/a,n/a,ascii
1973,",",n/a,n/a,ascii
1974,",",n/a,n/a,ascii
1975,",",n/a,n/a,ascii
1976,",",n/a,n/a,ascii
1977,",",n/a,n/a,ascii
1978,",",n/a,n/a,ascii
1979,",","""",n/a,ascii
1980,",","""",n/a,Windows-1252
1981,",","""",n/a,utf-8
1982,",","""",n/a,ascii
1983,",","""",n/a,utf-8
1984,",","""",n/a,utf-8
1985,",","""",n/a,ascii
1986,;,n/a,n/a,ascii
1987,;,n/a,n/a,ISO-8859-1
1988,;,"""",n/a,ISO-8859-1
1989,",",n/a,n/a,ascii
1990,",",n/a,n/a,ascii
1991,",",n/a,n/a,ascii
1992,",",n/a,n/a,ascii
1993,",",n/a,n/a,ascii
1994,",",n/a,n/a,ascii
1995,",",n/a,n/a,ascii
1996,",",n/a,n/a,ascii
1997,",",n/a,n/a,ascii
1998,",",n/a,n/a,ascii
1999,",",n/a,n/a,ascii
2000,",",n/a,n/a,ascii
2001,",",n/a,n/a,ascii
2002,",",n/a,n/a,ascii
2003,",",n/a,n/a,ascii
2004,",",n/a,n/a,ascii
2005,",",n/a,n/a,ascii
2006,",",n/a,n/a,ascii
2007,",",n/a,n/a,ascii
2008,",",n/a,n/a,ascii
2009,",","""",n/a,ascii
2010,",","""",n/a,ascii
2011,",","""",n/a,ascii
2012,",","""",n/a,ascii
2013,",","""",n/a,ascii
2014,",","""",n/a,utf-8
2015,",","""",n/a,ascii
2016,|,n/a,n/a,ascii
2017,;,n/a,n/a,ISO-8859-1
2018,n/a,"""",n/a,ascii
2019,",","""",n/a,ascii
2020,",","""",n/a,ascii
2021,",","""",n/a,ascii
2022,",","""",n/a,ascii
2023,",","""",n/a,ascii
2024,",","""",n/a,utf-8
2025,",","""",n/a,utf-8
2026,",","""",n/a,ascii
2027,",","""",n/a,ascii
2028,",",n/a,n/a,ascii
2029,",",n/a,n/a,ascii
2030,",",n/a,n/a,ascii
2031,",",n/a,n/a,ascii
2032,",",n/a,n/a,ascii
2033,",",n/a,n/a,ascii
2034,",",n/a,n/a,ascii
2035,",",n/a,n/a,ascii
2036,",",n/a,n/a,ascii
2037,",",n/a,n/a,ascii
2038,",",n/a,n/a,ascii
2039,",",n/a,n/a,ascii
2040,",",n/a,n/a,ascii
2041,",",n/a,n/a,ascii
2042,",",n/a,n/a,ascii
2043,",",n/a,n/a,ascii
2044,",","""",doubleback,ascii
2045,\t,n/a,n/a,ISO-8859-1
2046,\t,n/a,n/a,ascii
2047,space,n/a,n/a,ascii
2048,",",n/a,n/a,utf-8
2049,",",n/a,n/a,ascii
2050,",",n/a,n/a,ascii
2051,",",n/a,n/a,ascii
2052,",",n/a,n/a,ascii
2053,",",n/a,n/a,ascii
2054,",",n/a,n/a,ascii
2055,",",n/a,n/a,ascii
2056,",",n/a,n/a,ascii
2057,",",n/a,n/a,ascii
2058,",",n/a,n/a,ascii
2059,",",n/a,n/a,ascii
2060,",",n/a,n/a,ascii
2061,",",n/a,n/a,ascii
2062,",",n/a,n/a,ascii
2063,",","""",n/a,ascii
2064,",","""",n/a,utf-8
2065,",","""",n/a,utf-8
2066,",","""",n/a,ascii
2067,",","""",n/a,ascii
2068,",","""",n/a,ascii
2069,",","""",n/a,ascii
2070,",","""",n/a,ascii
2071,",","""",n/a,ascii
2072,\t,n/a,n/a,ISO-8859-1
2073,\t,n/a,n/a,ascii
2074,;,n/a,n/a,ascii
2075,;,n/a,n/a,ISO-8859-1
2076,",","""",n/a,ascii
2077,",","""",n/a,ascii
2078,",","""",n/a,ascii
2079,",","""",n/a,ascii
2080,",","""",n/a,utf-8
2081,",",n/a,n/a,ascii
2082,",",n/a,n/a,ascii
2083,",",n/a,n/a,ascii
2084,",",n/a,n/a,ascii
2085,",",n/a,n/a,ascii
2086,",",n/a,n/a,ascii
2087,",",n/a,n/a,ascii
2088,",",n/a,n/a,ascii
2089,",",n/a,n/a,ascii
2090,",",n/a,n/a,ascii
2091,",",n/a,n/a,ascii
2092,",",n/a,n/a,ascii
2093,",",n/a,n/a,ascii
2094,",",n/a,n/a,ascii
2095,",",n/a,n/a,ascii
2096,",",n/a,n/a,ascii
2097,",",n/a,n/a,utf-8
2098,",",n/a,n/a,ascii
2099,",",n/a,n/a,ascii
2100,\t,n/a,n/a,ISO-8859-1
2101,\t,n/a,n/a,ISO-8859-1
2102,\t,n/a,n/a,ISO-8859-1
2103,n/a,n/a,n/a,ascii
2104,currency,n/a,n/a,﻿KOI8-R
2105,\t,"""",n/a,UTF-16
2106,",","""",n/a,ISO-8859-1
2107,",","""",n/a,ascii
2108,",","""",n/a,ascii
2109,",","""",n/a,utf-8
2110,",","""",n/a,ascii
2111,",","""",n/a,ISO-8859-1
2112,",","""",n/a,ascii
2113,",","""",n/a,ascii
2114,",","""",n/a,ascii
2115,",","""",n/a,ascii
2116,",","""",n/a,ascii
2117,",","""",n/a,ISO-8859-1
2118,",","""",n/a,ISO-8859-1
2119,",","""",n/a,ascii
2120,",","""",n/a,utf-8
2121,",","""",n/a,ascii
2122,",","""",n/a,ISO-8859-1
2123,",","""",n/a,ISO-8859-1
2124,",","""",n/a,ascii
2125,",","""",n/a,ISO-8859-1
2126,",","""",n/a,ascii
2127,",","""",n/a,utf-8
2128,",","""",n/a,utf-8
2129,",","""",n/a,ascii
2130,",","""",n/a,ascii
2131,",","""",n/a,ascii
2132,",","""",n/a,ascii
2133,",","""",n/a,utf-8
2134,",","""",n/a,ascii
2135,",","""",n/a,ascii
2136,",","""",n/a,ISO-8859-1
2137,",","""",n/a,ascii
2138,",","""",n/a,Windows-1252
2139,",","""",n/a,ascii
2140,",","""",n/a,ascii
2141,",","""",n/a,ISO-8859-1
2142,",","""",n/a,ascii
2143,",","""",n/a,ISO-8859-1
2144,",","""",n/a,ISO-8859-1
2145,",","""",n/a,ascii
2146,",","""",n/a,Windows-1252
2147,",","""",n/a,ISO-8859-1
2148,",","""",n/a,ascii
2149,",","""",n/a,ascii
2150,",",n/a,n/a,ascii
2151,",",n/a,n/a,ISO-8859-1
2152,",","""",n/a,ascii
2153,",","""",n/a,ISO-8859-1
2154,",","""",n/a,ascii
2155,",","""",n/a,ISO-8859-1
2156,",","""",n/a,ascii
2157,",","""",n/a,ascii
2158,",","""",n/a,ascii
2159,",","""",n/a,ISO-8859-1
2160,",","""",n/a,ISO-8859-1
2161,",","""",n/a,ascii
2162,",","""",n/a,ISO-8859-1
2163,",","""",n/a,Windows-1252
2164,",","""",n/a,utf-8
2165,",","""",n/a,ISO-8859-1
2166,",","""",n/a,ascii
2167,",","""",n/a,ascii
2168,",","""",n/a,ISO-8859-1
2169,",","""",n/a,ISO-8859-1
2170,",","""",n/a,ISO-8859-1
2171,",","""",n/a,ascii
2172,",","""",n/a,Windows-1252
2173,",","""",n/a,ISO-8859-1
2174,n/a,n/a,n/a,ascii
2175,",",n/a,n/a,ascii
2176,",",n/a,n/a,utf-8
2177,",",n/a,n/a,utf-8
2178,",",n/a,n/a,ascii
2179,",",n/a,n/a,ascii
2180,",",n/a,n/a,ascii
2181,",",n/a,n/a,ascii
2182,",",n/a,n/a,ascii
2183,",",n/a,n/a,ascii
2184,",",n/a,n/a,utf-8
2185,",",n/a,n/a,ascii
2186,",",n/a,n/a,ascii
2187,",",n/a,n/a,ascii
2188,",",n/a,n/a,ascii
2189,",",n/a,n/a,utf-8
2190,",",n/a,n/a,ascii
2191,",",n/a,n/a,ascii
2192,",",n/a,n/a,ascii
2193,",",n/a,n/a,ascii
2194,",",n/a,n/a,ascii
2195,",",n/a,n/a,ascii
2196,\t,n/a,n/a,ascii
2197,\t,n/a,n/a,ISO-8859-1
2198,;,n/a,n/a,ascii
2199,",","""",n/a,utf-8
2200,",","""",n/a,ascii
2201,",","""",n/a,ascii
2202,",","""",n/a,ascii
2203,",",n/a,n/a,ascii
2204,",",n/a,n/a,ascii
2205,",",n/a,n/a,ascii
2206,",",n/a,n/a,ascii
2207,",",n/a,n/a,ascii
2208,",",n/a,n/a,utf-8
2209,",",n/a,n/a,ascii
2210,",",n/a,n/a,ascii
2211,",",n/a,n/a,ascii
2212,",",n/a,n/a,ascii
2213,",",n/a,n/a,ascii
2214,",",n/a,n/a,ascii
2215,",",n/a,n/a,ascii
2216,",",n/a,n/a,utf-8
2217,",",n/a,n/a,ascii
2218,",",n/a,n/a,ascii
2219,",",n/a,n/a,ascii
2220,",",n/a,n/a,ascii
2221,;,n/a,n/a,ISO-8859-1
2222,;,n/a,n/a,ascii
2223,;,n/a,n/a,ascii
2224,",","""",n/a,Windows-1252
2225,",","""",n/a,ascii
2226,",","""",n/a,ascii
2227,",","""",n/a,ascii
2228,",","""",n/a,ascii
2229,",","""",n/a,utf-8
2230,",","""",n/a,ascii
2231,\t,n/a,n/a,ascii
2232,",","""",n/a,ascii
2233,",","""",n/a,ISO-8859-1
2234,",","""",n/a,ascii
2235,",","""",n/a,utf-8
2236,",","""",n/a,ascii
2237,",","""",n/a,ISO-8859-1
2238,",","""",n/a,ISO-8859-1
2239,",","""",n/a,ISO-8859-1
2240,",","""",n/a,ascii
2241,",","""",n/a,ascii
2242,",","""",n/a,utf-8
2243,",","""",n/a,ISO-8859-1
2244,",","""",n/a,ascii
2245,",","""",n/a,ascii
2246,",","""",n/a,ISO-8859-1
2247,",","""",n/a,ascii
2248,",","""",n/a,ascii
2249,",","""",n/a,ascii
2250,",","""",n/a,utf-8
2251,",",n/a,n/a,Windows-1252
2252,",",n/a,n/a,ascii
2253,",",n/a,n/a,ascii
2254,",",n/a,n/a,ascii
2255,",",n/a,n/a,ascii
2256,",",n/a,n/a,ascii
2257,",",n/a,n/a,ascii
2258,",",n/a,n/a,ascii
2259,",",n/a,n/a,ascii
2260,",",n/a,n/a,utf-8
2261,",","""",n/a,ascii
2262,",","""",n/a,ascii
2263,",","""",n/a,ascii
2264,",","""",n/a,ascii
2265,",","""",n/a,ascii
2266,",","""",n/a,ascii
2267,",","""",n/a,utf-8
2268,",",n/a,n/a,ascii
2269,",",n/a,n/a,ascii
2270,",",n/a,n/a,ascii
2271,",",n/a,n/a,ascii
2272,",",n/a,n/a,ascii
2273,",",n/a,n/a,ascii
2274,",",n/a,n/a,ascii
2275,",",n/a,n/a,ascii
2276,",",n/a,n/a,ascii
2277,",",n/a,n/a,ascii
2278,",",n/a,n/a,utf-8
2279,",",n/a,n/a,utf-8
2280,",",n/a,n/a,ascii
2281,",",n/a,n/a,ascii
2282,",",n/a,n/a,ascii
2283,",",n/a,n/a,ascii
2284,",",n/a,n/a,ascii
2285,",",n/a,n/a,ascii
2286,",",n/a,n/a,ascii
2287,;,n/a,n/a,ascii
2288,;,n/a,n/a,ascii
2289,;,n/a,n/a,ISO-8859-1
2290,",","""",n/a,ascii
2291,",","""",n/a,ISO-8859-1
2292,",","""",n/a,ISO-8859-1
2293,",","""",n/a,ascii
2294,",","""",n/a,ascii
2295,",","""",n/a,ascii
2296,",","""",n/a,ascii
2297,",","""",n/a,utf-8
2298,",","""",n/a,ascii
2299,",","""",n/a,ISO-8859-1
2300,",","""",n/a,ascii
2301,",","""",n/a,ascii
2302,",","""",n/a,ISO-8859-1
2303,",","""",n/a,ISO-8859-1
2304,",","""",n/a,ascii
2305,",","""",n/a,utf-8
2306,",","""",n/a,ascii
2307,",","""",n/a,ascii
2308,",","""",n/a,ISO-8859-1
2309,",","""",n/a,Windows-1252
2310,",","""",n/a,utf-8
2311,",","""",n/a,utf-8
2312,",","""",n/a,utf-8
2313,",",n/a,n/a,ascii
2314,",",n/a,n/a,ascii
2315,",",n/a,n/a,ascii
2316,",",n/a,n/a,ascii
2317,",",n/a,n/a,ascii
2318,",",n/a,n/a,Windows-1252
2319,",",n/a,n/a,utf-8
2320,",",n/a,n/a,ascii
2321,",",n/a,n/a,ascii
2322,",",n/a,n/a,ascii
2323,",",n/a,n/a,ascii
2324,",",n/a,n/a,ascii
2325,",",n/a,n/a,ascii
2326,",",n/a,n/a,ascii
2327,",",n/a,n/a,ascii
2328,",",n/a,n/a,ascii
2329,",",n/a,n/a,ascii
2330,",",n/a,n/a,ascii
2331,",",n/a,n/a,utf-8
2332,",",n/a,n/a,ascii
2333,",",n/a,n/a,ascii
2334,",",n/a,n/a,ascii
2335,",",n/a,n/a,ascii
2336,",",n/a,n/a,utf-8
2337,",",n/a,n/a,ascii
2338,",",n/a,n/a,ascii
2339,",",n/a,n/a,ascii
2340,",",n/a,n/a,ascii
2341,",","""",n/a,ISO-8859-1
2342,",","""",n/a,ascii
2343,",","""",n/a,ascii
2344,",","""",n/a,ascii
2345,",","""",n/a,ascii
2346,",","""",n/a,ascii
2347,n/a,n/a,n/a,ascii
2348,",",n/a,n/a,ascii
2349,",",n/a,n/a,ascii
2350,",",n/a,n/a,ascii
2351,",",n/a,n/a,ascii
2352,",",n/a,n/a,utf-8
2353,",","""",n/a,ascii
2354,",","""",n/a,ISO-8859-1
2355,",","""",n/a,ascii
2356,",","""",n/a,utf-8
2357,",","""",n/a,ascii
2358,",","""",n/a,ISO-8859-1
2359,",","""",n/a,utf-8
2360,",","""",n/a,Windows-1252
2361,",","""",n/a,ascii
2362,",","""",n/a,ascii
2363,",","""",n/a,ISO-8859-1
2364,",","""",n/a,ISO-8859-1
2365,",","""",n/a,ascii
2366,",","""",n/a,ascii
2367,",",n/a,n/a,ascii
2368,",",n/a,n/a,ascii
2369,",",n/a,n/a,ascii
2370,",",n/a,n/a,ascii
2371,",",n/a,n/a,ascii
2372,",",n/a,n/a,ascii
2373,",",n/a,n/a,ascii
2374,",",n/a,n/a,ascii
2375,",",n/a,n/a,ascii
2376,",",n/a,n/a,utf-8
2377,",",n/a,n/a,ascii
2378,",",n/a,n/a,utf-8
2379,",",n/a,n/a,ascii
2380,",",n/a,n/a,ascii
2381,",",n/a,n/a,ascii
2382,",",n/a,n/a,ascii
2383,",",n/a,n/a,ascii
2384,",",n/a,n/a,ascii
2385,",",n/a,n/a,ascii
2386,",","""",n/a,ascii
2387,",","""",n/a,ascii
2388,",","""",n/a,ascii
2389,",","""",n/a,ascii
2390,",","""",n/a,ascii
2391,",","""",n/a,ascii
2392,;,n/a,n/a,ISO-8859-1
2393,;,n/a,n/a,ISO-8859-1
2394,;,"""",n/a,ISO-8859-1
2395,\t,n/a,n/a,ISO-8859-1
2396,",","""",n/a,ascii
2397,",","""",n/a,Windows-1252
2398,",","""",n/a,ISO-8859-1
2399,",","""",n/a,Windows-1252
2400,",","""",n/a,utf-8
2401,",","""",n/a,ISO-8859-1
2402,",","""",n/a,ISO-8859-1
2403,",","""",n/a,ascii
2404,",","""",n/a,ascii
2405,",","""",n/a,ascii
2406,",","""",n/a,ascii
2407,",","""",n/a,ascii
2408,",","""",n/a,ascii
2409,",","""",n/a,Windows-1252
2410,",","""",n/a,Windows-1252
2411,",","""",n/a,ascii
2412,",","""",n/a,Windows-1252
2413,",","""",n/a,ascii
2414,",","""",n/a,ascii
2415,",","""",n/a,ascii
2416,",","""",n/a,Windows-1252
2417,",","""",n/a,Windows-1252
2418,",","""",n/a,Windows-1252
2419,",","""",front,ascii
2420,",",n/a,n/a,ascii
2421,",",n/a,n/a,ascii
2422,",",n/a,n/a,Windows-1252
2423,",",n/a,n/a,ascii
2424,",",n/a,n/a,utf-8
2425,",",n/a,n/a,ascii
2426,",",n/a,n/a,ascii
2427,",",n/a,n/a,ascii
2428,",",n/a,n/a,ascii
2429,",",n/a,n/a,ascii
2430,",",n/a,n/a,ascii
2431,",",n/a,n/a,ascii
2432,",",n/a,n/a,ascii
2433,",",n/a,n/a,ascii
2434,",",n/a,n/a,ascii
2435,",",n/a,n/a,ascii
2436,",",n/a,n/a,ascii
2437,",",n/a,n/a,ascii
2438,",",n/a,n/a,ascii
2439,",",n/a,n/a,ascii
2440,",",n/a,n/a,ascii
2441,",",n/a,n/a,ascii
2442,",",n/a,n/a,ascii
2443,",",n/a,n/a,ascii
2444,;,"""",n/a,utf-8
2445,;,"""",n/a,ISO-8859-1
2446,;,n/a,n/a,ascii
2447,",","""",n/a,ascii
2448,",","""",n/a,utf-8
2449,",","""",n/a,ascii
2450,",","""",n/a,ascii
2451,;,"""",n/a,utf-8
2452,\t,"""",n/a,utf-8
2453,#,"""",n/a,utf-8
2454,",","""",n/a,utf-8
2455,",","""",n/a,ISO-8859-1
2456,",","""",n/a,ISO-8859-1
2457,",","""",n/a,ascii
2458,",","""",n/a,ISO-8859-1
2459,",","""",n/a,Windows-1252
2460,",","""",n/a,ascii
2461,",","""",n/a,ascii
2462,",","""",n/a,utf-8
2463,",","""",n/a,ISO-8859-1
2464,",","""",n/a,ascii
2465,",","""",n/a,ascii
2466,",","""",n/a,ISO-8859-1
2467,",","""",n/a,Windows-1252
2468,",","""",n/a,ascii
2469,",","""",n/a,utf-8
2470,",","""",n/a,ascii
2471,",","""",n/a,Windows-1252
2472,",","""",n/a,ISO-8859-1
2473,",","""",n/a,ISO-8859-1
2474,",","""",n/a,ISO-8859-1
2475,",","""",n/a,utf-8
2476,",",n/a,n/a,ascii
2477,",",n/a,n/a,ascii
2478,",",n/a,n/a,ascii
2479,",",n/a,n/a,utf-8
2480,",",n/a,n/a,ascii
2481,",",n/a,n/a,ascii
2482,",",n/a,n/a,ascii
2483,",",n/a,n/a,utf-8
2484,",",n/a,n/a,ascii
2485,",",n/a,n/a,ascii
2486,",",n/a,n/a,ascii
2487,",",n/a,n/a,ascii
2488,",",n/a,n/a,ascii
2489,",",n/a,n/a,ascii
2490,",",n/a,n/a,ascii
2491,",",n/a,n/a,ascii
2492,",",n/a,n/a,ascii
2493,",",n/a,n/a,ascii
2494,",",n/a,n/a,ascii
2495,",",n/a,n/a,ascii
2496,",",n/a,n/a,utf-8
2497,",",n/a,n/a,ascii
2498,",",n/a,n/a,ascii
2499,",",n/a,n/a,ascii
2500,",",n/a,n/a,ascii
2501,",",n/a,n/a,ascii
2502,n/a,n/a,n/a,ascii
2503,",","""",n/a,ascii
2504,",","""",n/a,utf-8
2505,",","""",n/a,utf-8
2506,",","""",n/a,ascii
2507,",","""",n/a,ascii
2508,",","""",n/a,ascii
2509,",","""",n/a,ascii
2510,",","""",n/a,ascii
2511,",","""",n/a,utf-8
2512,",","""",n/a,utf-8
2513,",",n/a,n/a,ascii
2514,",",n/a,n/a,ascii
2515,",",n/a,n/a,ascii
2516,",",n/a,n/a,ascii
2517,",",n/a,n/a,ascii
2518,",",n/a,n/a,ascii
2519,",",n/a,n/a,utf-8
2520,",",n/a,n/a,utf-8
2521,",",n/a,n/a,ascii
2522,",",n/a,n/a,ascii
2523,",",n/a,n/a,ascii
2524,",",n/a,n/a,ascii
2525,",",n/a,n/a,ascii
2526,",",n/a,n/a,ascii
2527,",",n/a,n/a,ascii
2528,",",n/a,n/a,utf-8
2529,",",n/a,n/a,ascii
2530,",",n/a,n/a,ascii
2531,",",n/a,n/a,ascii
2532,\t,n/a,n/a,ISO-8859-1
2533,\t,n/a,n/a,ISO-8859-1
2534,\t,n/a,n/a,ISO-8859-1
2535,",","""",n/a,ascii
2536,",","""",n/a,utf-8
2537,",","""",n/a,ascii
2538,",","""",n/a,ascii
2539,",","""",n/a,utf-8
2540,:,n/a,n/a,ascii
2541,|,"""",doubleback,utf-8
2542,",","""",n/a,ascii
2543,",","""",n/a,ISO-8859-1
2544,",","""",n/a,utf-8
2545,",","""",n/a,ascii
2546,",","""",n/a,ascii
2547,",","""",n/a,ascii
2548,",","""",n/a,ascii
2549,",","""",n/a,ascii
2550,",","""",n/a,ascii
2551,",","""",n/a,ISO-8859-1
2552,",","""",n/a,ISO-8859-1
2553,",","""",n/a,ascii
2554,",","""",n/a,utf-8
2555,",","""",n/a,ISO-8859-1
2556,",","""",n/a,ISO-8859-1
2557,",","""",n/a,ascii
2558,",","""",n/a,ascii
2559,",","""",n/a,utf-8
2560,",","""",n/a,ascii
2561,",","""",n/a,ascii
2562,",","""",n/a,Windows-1252
2563,",","""",n/a,ascii
2564,",","""",n/a,ISO-8859-1
2565,",","""",n/a,ascii
2566,",",n/a,n/a,ascii
2567,",",n/a,n/a,ascii
2568,",",n/a,n/a,ascii
2569,",",n/a,n/a,utf-8
2570,",",n/a,n/a,ascii
2571,",",n/a,n/a,ascii
2572,",",n/a,n/a,Windows-1252
2573,",",n/a,n/a,ascii
2574,",",n/a,n/a,ascii
2575,",",n/a,n/a,ISO-8859-1
2576,",",n/a,n/a,ascii
2577,",",n/a,n/a,ascii
2578,",","""",n/a,ascii
2579,",","""",n/a,ascii
2580,",","""",n/a,ascii
2581,",","""",n/a,ascii
2582,",","""",n/a,ascii
2583,",","""",n/a,ISO-8859-1
2584,",","""",n/a,ascii
2585,",","""",n/a,utf-8
2586,",","""",n/a,ascii
2587,",","""",n/a,Windows-1252
2588,",","""",n/a,utf-8
2589,",","""",n/a,utf-8
2590,",","""",n/a,ascii
2591,",","""",n/a,utf-8
2592,",","""",n/a,ascii
2593,",","""",n/a,ascii
2594,",","""",n/a,Windows-1252
2595,",","""",n/a,ascii
2596,",","""",n/a,ascii
2597,",","""",n/a,utf-8
2598,",","""",n/a,ascii
2599,",","""",n/a,ISO-8859-1
2600,;,n/a,n/a,ascii
2601,:,n/a,n/a,ascii
2602,",",n/a,n/a,ascii
2603,",",n/a,n/a,ascii
2604,",",n/a,n/a,utf-8
2605,",",n/a,n/a,ascii
2606,",",n/a,n/a,ascii
2607,",",n/a,n/a,utf-8
2608,",",n/a,n/a,ascii
2609,",",n/a,n/a,ascii
2610,",",n/a,n/a,ascii
2611,",",n/a,n/a,ascii
2612,",",n/a,n/a,utf-8
2613,",",n/a,n/a,ascii
2614,",",n/a,n/a,ascii
2615,",",n/a,n/a,ascii
2616,n/a,n/a,n/a,ascii
2617,;,n/a,n/a,ascii
2618,",","""",n/a,ascii
2619,",","""",n/a,ascii
2620,",","""",n/a,ascii
2621,",",n/a,n/a,ascii
2622,",",n/a,n/a,ascii
2623,",",n/a,n/a,ascii
2624,",",n/a,n/a,ascii
2625,",",n/a,n/a,ascii
2626,",",n/a,n/a,ascii
2627,",",n/a,n/a,utf-8
2628,",",n/a,n/a,ascii
2629,",",n/a,n/a,ascii
2630,",",n/a,n/a,ascii
2631,",",n/a,n/a,ascii
2632,",",n/a,n/a,ascii
2633,",",n/a,n/a,ascii
2634,",",n/a,n/a,ascii
2635,",",n/a,n/a,ascii
2636,",",n/a,n/a,ascii
2637,",",n/a,n/a,ascii
2638,",",n/a,n/a,ascii
2639,",",n/a,n/a,ascii
2640,\t,n/a,n/a,ascii
2641,\t,n/a,n/a,ascii
2642,",","""",n/a,ascii
2643,",","""",n/a,ascii
2644,",","""",n/a,ascii
2645,",","""",n/a,ascii
2646,",","""",n/a,ascii
2647,",","""",n/a,ascii
2648,space,n/a,front,ascii
2649,;,n/a,n/a,ISO-8859-1
2650,",","""",n/a,ISO-8859-1
2651,",","""",n/a,ISO-8859-1
2652,",","""",n/a,ISO-8859-1
2653,",","""",n/a,ISO-8859-1
2654,",","""",n/a,ISO-8859-1
2655,",","""",n/a,ascii
2656,",","""",n/a,ascii
2657,",","""",n/a,ascii
2658,",","""",n/a,ISO-8859-1
2659,",","""",n/a,ISO-8859-1
2660,",","""",n/a,ISO-8859-1
2661,",","""",n/a,ISO-8859-1
2662,",","""",n/a,utf-8
2663,",","""",n/a,ISO-8859-1
2664,",","""",n/a,ascii
2665,",","""",n/a,Windows-1252
2666,",","""",n/a,ascii
2667,",","""",n/a,utf-8
2668,",","""",n/a,Windows-1252
2669,",","""",n/a,ascii
2670,",","""",n/a,ISO-8859-1
2671,",","""",n/a,ascii
2672,",","""",n/a,utf-8
2673,",",n/a,n/a,ascii
2674,",",n/a,n/a,ascii
2675,",",n/a,n/a,ascii
2676,",",n/a,n/a,ISO-8859-1
2677,",",n/a,n/a,ISO-8859-1
2678,;,n/a,n/a,ascii
2679,",",n/a,n/a,ascii
2680,",",n/a,n/a,﻿GB2312
2681,",",n/a,n/a,ascii
2682,",",n/a,n/a,ascii
2683,",",n/a,n/a,﻿EUC-JP
2684,",",n/a,n/a,﻿GB2312
2685,",",n/a,n/a,utf-8
2686,",",n/a,n/a,ascii
2687,",",n/a,n/a,ascii
2688,",",n/a,n/a,utf-8
2689,",",n/a,n/a,ascii
2690,",",n/a,n/a,ascii
2691,",",n/a,n/a,utf-8
2692,",",n/a,n/a,utf-8
2693,",",n/a,n/a,ascii
2694,",",n/a,n/a,utf-8
2695,",",n/a,n/a,ascii
2696,",",n/a,n/a,ascii
2697,",",n/a,n/a,ascii
2698,",","""",n/a,ascii
2699,",","""",n/a,ascii
2700,n/a,n/a,n/a,ascii
2701,;,n/a,n/a,ISO-8859-1
2702,;,n/a,n/a,ascii
2703,;,n/a,n/a,ascii
2704,;,n/a,n/a,ascii
2705,;,n/a,n/a,ascii
2706,\t,n/a,n/a,ISO-8859-1
2707,\t,n/a,n/a,ascii
2708,",","""",n/a,utf-8
2709,",","""",n/a,Windows-1252
2710,",","""",n/a,ISO-8859-1
2711,",","""",n/a,utf-8
2712,",","""",n/a,ISO-8859-1
2713,",","""",n/a,ascii
2714,",","""",n/a,ascii
2715,",","""",n/a,ISO-8859-1
2716,",","""",n/a,ascii
2717,",","""",n/a,ISO-8859-1
2718,",","""",n/a,ISO-8859-1
2719,",","""",n/a,ISO-8859-1
2720,",","""",n/a,ISO-8859-1
2721,",","""",n/a,ISO-8859-1
2722,",","""",n/a,ISO-8859-1
2723,",","""",n/a,ascii
2724,",","""",n/a,ISO-8859-1
2725,",","""",n/a,ascii
2726,",","""",n/a,ascii
2727,",","""",n/a,Windows-1252
2728,",","""",n/a,ascii
2729,",","""",n/a,Windows-1252
2730,",","""",n/a,Windows-1252
2731,",","""",n/a,ISO-8859-1
2732,",",n/a,n/a,ascii
2733,",",n/a,n/a,ascii
2734,",",n/a,n/a,ascii
2735,",",n/a,n/a,ascii
2736,",",n/a,n/a,ascii
2737,",",n/a,n/a,ascii
2738,",",n/a,n/a,ascii
2739,",",n/a,n/a,ascii
2740,",",n/a,n/a,ascii
2741,",",n/a,n/a,ascii
2742,",",n/a,n/a,ascii
2743,",",n/a,n/a,ascii
2744,",",n/a,n/a,ascii
2745,",",n/a,n/a,ascii
2746,",",n/a,n/a,ascii
2747,",",n/a,n/a,ascii
2748,",",n/a,n/a,ascii
2749,",",n/a,n/a,utf-8
2750,",",n/a,n/a,ascii
2751,",","""",n/a,ascii
2752,",","""",n/a,ascii
2753,",","""",n/a,ascii
2754,",","""",n/a,ascii
2755,",","""",n/a,ascii
2756,",","""",n/a,ascii
2757,",","""",n/a,ascii
2758,",","""",n/a,ascii
2759,",","""",n/a,ascii
2760,;,n/a,n/a,ascii
2761,;,n/a,n/a,ISO-8859-1
2762,;,"""",n/a,ascii
2763,\t,n/a,n/a,ISO-8859-1
2764,\t,n/a,n/a,ISO-8859-1
2765,\t,n/a,n/a,ISO-8859-1
2766,",","""",n/a,ascii
2767,",","""",n/a,ascii
2768,",","""",n/a,ascii
2769,",","""",n/a,ascii
2770,",","""",n/a,ascii
2771,",","""",n/a,ISO-8859-1
2772,",","""",n/a,ascii
2773,",","""",n/a,utf-8
2774,",","""",n/a,ISO-8859-1
2775,",","""",n/a,ascii
2776,",","""",n/a,ascii
2777,",","""",n/a,utf-8
2778,",","""",n/a,Windows-1252
2779,",","""",n/a,ascii
2780,",","""",n/a,ascii
2781,",","""",n/a,utf-8
2782,",","""",n/a,utf-8
2783,",","""",n/a,Windows-1252
2784,",","""",n/a,ascii
2785,",","""",n/a,Windows-1252
2786,",","""",n/a,ascii
2787,",","""",n/a,utf-8
2788,",","""",n/a,utf-8
2789,",","""",n/a,ascii
2790,",","""",n/a,ISO-8859-1
2791,",","""",n/a,ascii
2792,",","""",n/a,ascii
2793,",","""",n/a,ascii
2794,;,n/a,n/a,ascii
2795,",",n/a,n/a,ascii
2796,",",n/a,n/a,ascii
2797,",",n/a,n/a,ascii
2798,",",n/a,n/a,ascii
2799,",",n/a,n/a,ascii
2800,",",n/a,n/a,ascii
2801,",",n/a,n/a,ascii
2802,",",n/a,n/a,ascii
2803,",",n/a,n/a,ascii
2804,",",n/a,n/a,ascii
2805,",",n/a,n/a,ascii
2806,",",n/a,n/a,ascii
2807,",",n/a,n/a,ascii
2808,",",n/a,n/a,ascii
2809,",",n/a,n/a,ascii
2810,",",n/a,n/a,ascii
2811,",",n/a,n/a,ascii
2812,",",n/a,n/a,ascii
2813,",",n/a,n/a,ascii
2814,",","""",n/a,ascii
2815,",","""",n/a,utf-8
2816,",","""",n/a,ascii
2817,",","""",n/a,ascii
2818,",","""",n/a,ascii
2819,",","""",n/a,ascii
2820,",","""",n/a,utf-8
2821,\t,n/a,n/a,ascii
2822,\t,n/a,n/a,ascii
2823,",","""",n/a,ascii
2824,",","""",n/a,ascii
2825,",","""",n/a,ISO-8859-1
2826,",","""",n/a,ISO-8859-1
2827,",","""",n/a,ascii
2828,",","""",n/a,utf-8
2829,",","""",n/a,ascii
2830,",","""",n/a,ascii
2831,",","""",n/a,ascii
2832,",","""",n/a,ISO-8859-1
2833,",","""",n/a,ascii
2834,",","""",n/a,utf-8
2835,",","""",n/a,ascii
2836,",","""",n/a,utf-8
2837,",","""",n/a,ISO-8859-1
2838,",","""",n/a,Windows-1252
2839,",","""",n/a,ISO-8859-1
2840,",","""",n/a,Windows-1252
2841,",","""",n/a,ascii
2842,",","""",n/a,ascii
2843,",","""",n/a,ascii
2844,",",n/a,n/a,ascii
2845,",",n/a,n/a,ascii
2846,",",n/a,n/a,ascii
2847,",",n/a,n/a,ascii
2848,",",n/a,n/a,utf-8
2849,",",n/a,n/a,ascii
2850,",",n/a,n/a,ascii
2851,",",n/a,n/a,ascii
2852,",",n/a,n/a,ascii
2853,",",n/a,n/a,ascii
2854,",",n/a,n/a,ascii
2855,",",n/a,n/a,ascii
2856,",",n/a,n/a,ascii
2857,",",n/a,n/a,ascii
2858,",",n/a,n/a,ascii
2859,",",n/a,n/a,ascii
2860,",",n/a,n/a,ascii
2861,",",n/a,n/a,ascii
2862,",",n/a,n/a,ascii
2863,",",n/a,n/a,ascii
2864,",",n/a,n/a,ascii
2865,",",n/a,n/a,ascii
2866,",",n/a,n/a,ascii
2867,n/a,n/a,n/a,ascii
2868,currency,n/a,n/a,ISO-8859-9
2869,;,n/a,n/a,ascii
2870,;,n/a,n/a,ascii
2871,",","""",n/a,ascii
2872,",","""",n/a,ascii
2873,",","""",n/a,ascii
2874,",","""",n/a,ascii
2875,",","""",n/a,ascii
2876,",","""",n/a,ascii
2877,",","""",n/a,utf-8
2878,",","""",n/a,ascii
2879,",","""",n/a,ascii
2880,space,"""",front,utf-8
2881,",",n/a,n/a,ascii
2882,",",n/a,n/a,ascii
2883,",",n/a,n/a,ISO-8859-1
2884,",",n/a,n/a,ascii
2885,",",n/a,n/a,ascii
2886,",",n/a,n/a,ascii
2887,",","""",n/a,ascii
2888,",","""",n/a,ISO-8859-1
2889,",","""",n/a,utf-8
2890,",","""",n/a,ascii
2891,",","""",n/a,Windows-1252
2892,",","""",n/a,Windows-1252
2893,",","""",n/a,ascii
2894,",","""",n/a,utf-8
2895,",","""",n/a,ISO-8859-1
2896,",","""",n/a,ascii
2897,",","""",n/a,ascii
2898,",","""",n/a,ISO-8859-1
2899,",","""",n/a,Windows-1252
2900,",","""",n/a,ascii
2901,",","""",n/a,ISO-8859-1
2902,",","""",n/a,ascii
2903,",","""",n/a,ISO-8859-1
2904,",","""",n/a,ascii
2905,",","""",n/a,ascii
2906,",","""",n/a,ascii
2907,",","""",n/a,ascii
2908,",","""",n/a,ascii
2909,",","""",n/a,ascii
2910,;,n/a,n/a,ISO-8859-1
2911,\t,n/a,n/a,ISO-8859-1
2912,\t,n/a,n/a,ascii
2913,",",n/a,n/a,ascii
2914,",",n/a,n/a,ascii
2915,",",n/a,n/a,ascii
2916,",",n/a,n/a,ascii
2917,",",n/a,n/a,ascii
2918,",",n/a,n/a,utf-8
2919,",",n/a,n/a,ascii
2920,",",n/a,n/a,ascii
2921,",",n/a,n/a,ascii
2922,",",n/a,n/a,ascii
2923,",",n/a,n/a,ascii
2924,",",n/a,n/a,ascii
2925,",",n/a,n/a,ascii
2926,",",n/a,n/a,ascii
2927,",",n/a,n/a,ascii
2928,",",n/a,n/a,ascii
2929,",",n/a,n/a,ascii
2930,",",n/a,n/a,ascii
2931,",",n/a,n/a,ascii
2932,",",n/a,n/a,ascii
2933,",",n/a,n/a,ascii
2934,",",n/a,n/a,ascii
2935,",",n/a,n/a,ascii
2936,",",n/a,n/a,ascii
2937,",",n/a,n/a,ascii
2938,",","""",n/a,﻿SHIFT_JIS
2939,",","""",n/a,ascii
2940,",","""",n/a,ascii
2941,",","""",n/a,ascii
2942,",","""",n/a,ascii
2943,",","""",n/a,utf-8
2944,",","""",n/a,utf-8
2945,",","""",n/a,ascii
2946,",","""",n/a,Windows-1252
2947,",","""",n/a,ascii
2948,",","""",n/a,ascii
2949,",",n/a,n/a,ascii
2950,",",n/a,n/a,ascii
2951,",",n/a,n/a,ascii
2952,",",n/a,n/a,ascii
2953,",",n/a,n/a,ascii
2954,",",n/a,n/a,ascii
2955,",",n/a,n/a,ascii
2956,",",n/a,n/a,ascii
2957,",",n/a,n/a,ascii
2958,",",single,n/a,ascii
2959,",","""",n/a,utf-8
2960,",","""",n/a,utf-8
2961,",","""",n/a,ascii
2962,",","""",n/a,ascii
2963,",","""",n/a,ascii
2964,",","""",n/a,ascii
2965,;,n/a,n/a,ISO-8859-1
2966,;,"""",n/a,utf-8
2967,\t,n/a,n/a,ISO-8859-1
2968,;,n/a,n/a,ascii
2969,",",n/a,n/a,ascii
2970,",",n/a,n/a,ascii
2971,",",n/a,n/a,utf-8
2972,",",n/a,n/a,ascii
2973,",",n/a,n/a,ascii
2974,",",n/a,n/a,ascii
2975,;,"""",n/a,utf-8
2976,",","""",n/a,ascii
2977,",",n/a,n/a,ascii
2978,",",n/a,n/a,ascii
2979,",",n/a,n/a,ascii
2980,",",n/a,n/a,ascii
2981,",",n/a,n/a,ascii
2982,circle,n/a,n/a,﻿EUC-JP
2983,",",n/a,n/a,ascii
2984,:,n/a,n/a,ascii
2985,\t,n/a,n/a,ISO-8859-1
2986,",",n/a,n/a,ascii
2987,",","""",n/a,ascii
2988,",","""",n/a,ascii
2989,",","""",n/a,ascii
2990,",",n/a,n/a,ISO-8859-1
2991,",",n/a,n/a,ascii
2992,#,single,n/a,ascii
2993,",","""",n/a,ascii
2994,",",n/a,n/a,ascii
2995,",",n/a,n/a,utf-8
2996,",",n/a,n/a,ascii
2997,",",n/a,n/a,ascii
2998,",",n/a,n/a,ascii
2999,",",n/a,n/a,ascii
3000,",",n/a,n/a,ascii
3001,",",n/a,n/a,ascii
3002,",",n/a,n/a,ascii
3003,",","""",n/a,ascii
3004,",","""",n/a,ascii
3005,",","""",n/a,utf-8